Player Name,Team,Pos,G,AB,P/PA,Bunts,GIDP,IBB,BB,K,BB%,BB/K,CT%,SBO%,AVG,BABIP
"Betts, Mookie",BOS,OF,158,672,3.70,5,12,1,49,80,6.8,0.61,88.1,16.2,0.318,0.326
"Cano, Robinson",SEA,2B,161,655,3.56,0,18,8,47,100,6.7,0.47,84.7,0.6,0.298,0.302
"Bogaerts, Xander",BOS,SS,157,652,3.95,3,14,0,58,123,8.2,0.47,81.1,8.8,0.294,0.337
"Springer, George",HOU,OF,162,644,3.94,2,12,2,88,178,12.0,0.49,72.4,9.8,0.261,0.318
"Altuve, Jose",HOU,2B,161,640,3.45,14,15,11,60,70,8.6,0.86,89.1,19.5,0.338,0.352
"Machado, Manny",BAL,SS,157,640,3.69,2,14,9,48,120,7.0,0.40,81.3,1.9,0.294,0.313
"Segura, Jean",ARI,SS,153,637,3.88,19,6,1,39,101,5.8,0.39,84.1,24.7,0.319,0.355
"Escobar, Alcides",KC,SS,162,637,3.60,40,16,2,27,96,4.1,0.28,84.9,13.5,0.261,0.298
"Longoria, Evan",TB,3B,160,633,3.68,0,13,6,42,144,6.2,0.29,77.3,2.2,0.273,0.302
"Pedroia, Dustin",BOS,2B,154,633,3.90,1,24,0,61,73,8.8,0.84,88.5,5.2,0.318,0.341
"Seager, Corey",LAD,SS,157,627,3.66,1,12,5,54,133,7.9,0.41,78.8,3.4,0.308,0.357
"Desmond, Ian",TEX,OF,156,625,3.80,7,11,2,44,160,6.6,0.28,74.4,16.1,0.285,0.352
"Abreu, Jose",CWS,1B,159,624,3.88,0,21,7,47,125,7.0,0.38,80.0,1.2,0.293,0.333
"Eaton, Adam",CWS,OF,157,619,3.77,49,6,2,63,115,9.2,0.55,81.4,10.2,0.284,0.331
"Jones, Adam",BAL,OF,152,619,3.47,6,13,2,39,115,5.9,0.34,81.4,1.3,0.265,0.284
"Arenado, Nolan",COL,3B,160,618,3.94,1,17,10,68,103,9.9,0.66,83.3,3.0,0.294,0.297
"Kinsler, Ian",DET,2B,153,618,3.75,5,5,0,45,115,6.8,0.39,81.4,12.3,0.288,0.316
"Schoop, Jonathan",BAL,2B,162,615,3.45,0,16,0,21,137,3.3,0.15,77.7,2.5,0.267,0.307
"Dozier, Brian",MIN,2B,155,615,4.03,13,12,6,61,138,9.0,0.44,77.6,13.9,0.268,0.283
"Trumbo, Mark",BAL,OF,159,613,3.92,0,14,1,51,170,7.7,0.30,72.3,1.5,0.256,0.278
"Kipnis, Jason",CLE,2B,156,610,4.01,13,21,0,60,146,9.0,0.41,76.1,11.3,0.275,0.329
"Hosmer, Eric",KC,1B,158,605,3.84,6,18,5,57,132,8.6,0.43,78.2,4.8,0.266,0.304
"Odor, Rougned",TEX,2B,150,605,3.44,22,6,0,19,135,3.0,0.14,77.7,18.6,0.271,0.300
"Lindor, Francisco",CLE,SS,158,604,3.73,14,18,3,57,88,8.6,0.65,85.4,12.6,0.301,0.333
"Bryant, Kris",CHC,3B,155,603,3.86,0,3,5,75,154,11.1,0.49,74.5,7.5,0.292,0.334
"Encarnacion, Edwin",TOR,1B,160,601,4.12,0,22,3,87,138,12.6,0.63,77.0,1.2,0.263,0.276
"Prado, Martin",MIA,3B,153,600,3.89,1,24,4,49,69,7.6,0.71,88.5,2.2,0.305,0.335
"Markakis, Nick",ATL,OF,158,599,3.83,0,16,9,71,101,10.6,0.70,83.1,1.1,0.269,0.305
"Myers, Wil",SD,1B,157,599,4.25,1,12,1,68,160,10.2,0.43,73.3,21.0,0.259,0.309
"McCutchen, Andrew",PIT,OF,153,598,4.05,0,15,7,69,143,10.3,0.48,76.1,7.7,0.256,0.299
"Seager, Kyle",SEA,3B,158,597,3.81,9,18,10,69,108,10.4,0.64,81.9,2.4,0.278,0.296
"Cabrera, Miguel",DET,1B,158,595,3.70,0,26,15,75,116,11.2,0.65,80.5,0.0,0.316,0.340
"Calhoun, Kole",LAA,OF,157,594,3.73,3,10,0,67,118,10.1,0.57,80.1,2.9,0.271,0.312
"Pujols, Albert",LAA,1B,152,593,3.86,0,24,6,49,75,7.6,0.65,87.4,2.5,0.268,0.263
"Cabrera, Melky",CWS,OF,151,591,3.66,6,17,2,47,69,7.4,0.68,88.3,1.2,0.296,0.317
"Frazier, Todd",CWS,3B,158,590,4.14,3,11,1,64,163,9.8,0.39,72.4,14.7,0.225,0.240
"Freeman, Freddie",ATL,1B,158,589,4.00,5,12,18,89,171,13.1,0.52,71.0,3.8,0.302,0.375
"Cruz, Nelson",SEA,OF,155,589,4.10,0,15,5,62,159,9.5,0.39,73.0,1.3,0.287,0.326
"Villar, Jonathan",MIL,SS,156,589,4.17,44,7,4,79,174,11.8,0.45,70.5,42.8,0.285,0.376
"Galvis, Freddy",PHI,SS,158,584,3.79,35,16,6,25,136,4.1,0.18,76.7,19.7,0.241,0.283
"Gonzalez, Carlos",COL,OF,150,584,3.67,4,10,6,46,129,7.3,0.36,77.9,2.6,0.298,0.347
"Herrera, Odubel",PHI,OF,159,583,4.01,35,6,7,63,134,9.8,0.47,77.0,17.0,0.286,0.350
"Rizzo, Anthony",CHC,1B,155,583,3.93,7,13,8,74,108,11.3,0.69,81.5,4.8,0.292,0.312
"Beltre, Adrian",TEX,3B,153,583,3.82,0,10,6,48,66,7.6,0.73,88.7,1.3,0.300,0.295
"Piscotty, Stephen",STL,OF,153,582,3.82,3,14,0,51,133,8.1,0.38,77.1,8.0,0.273,0.321
"Santana, Carlos",CLE,1B,158,582,4.04,2,18,0,99,99,14.5,1.00,83.0,3.8,0.259,0.261
"Franco, Maikel",PHI,3B,152,581,3.56,0,13,7,40,106,6.4,0.38,81.8,1.4,0.255,0.273
"Goldschmidt, Paul",ARI,1B,158,579,4.27,0,14,15,110,150,16.0,0.73,74.1,16.7,0.297,0.365
"Blackmon, Charlie",COL,OF,143,578,4.08,16,2,4,43,102,6.9,0.42,82.4,16.1,0.324,0.353
"Yelich, Christian",MIA,OF,155,578,4.12,2,20,4,72,138,11.1,0.52,76.1,7.1,0.298,0.360
"Donaldson, Josh",TOR,3B,155,577,4.22,4,16,6,109,119,15.9,0.92,79.4,4.0,0.284,0.302
"Castro, Starlin",NYY,2B,151,577,3.69,1,15,1,24,118,4.0,0.20,79.5,3.1,0.270,0.308
"Correa, Carlos",HOU,SS,153,577,4.00,2,12,5,75,139,11.5,0.54,75.9,9.2,0.274,0.330
"Span, Denard",SF,OF,143,572,3.83,23,8,2,53,79,8.5,0.67,86.2,11.4,0.266,0.293
"Upton, Justin",DET,OF,153,570,4.16,2,15,3,50,179,8.1,0.28,68.6,10.1,0.246,0.303
"Semien, Marcus",OAK,SS,159,568,4.16,7,12,1,51,139,8.2,0.37,75.5,9.2,0.238,0.269
"Gonzalez, Adrian",LAD,1B,156,568,3.78,5,16,9,55,117,8.8,0.47,79.4,1.2,0.285,0.333
"Rendon, Anthony",WAS,3B,156,567,4.02,4,5,2,65,117,10.3,0.56,79.4,11.4,0.270,0.309
"Davis, Chris",BAL,1B,157,566,4.13,4,6,3,88,219,13.5,0.40,61.3,0.6,0.221,0.282
"Suarez, Eugenio",CIN,3B,159,565,4.12,3,10,0,51,155,8.3,0.33,72.6,11.2,0.248,0.306
"Ramirez, Jose",CLE,3B,152,565,3.93,7,10,1,44,62,7.2,0.71,89.0,18.1,0.312,0.335
"Gregorius, Didi",NYY,SS,153,562,3.46,14,9,2,19,82,3.3,0.23,85.4,6.7,0.276,0.293
"Bradley, Jackie",BOS,OF,156,558,3.93,4,10,5,63,143,10.1,0.44,74.4,7.4,0.267,0.316
"Morales, Kendrys",KC,DH,154,558,3.98,0,20,2,48,120,7.9,0.40,78.5,0.0,0.263,0.287
"Napoli, Mike",CLE,1B,150,557,4.57,0,15,2,78,194,12.3,0.40,65.2,3.9,0.239,0.301
"Ozuna, Marcell",MIA,OF,148,557,3.66,0,11,2,43,115,7.2,0.37,79.4,2.2,0.266,0.298
"Turner, Justin",LAD,3B,151,556,3.96,2,16,1,48,107,7.9,0.45,80.8,3.6,0.275,0.299
"Votto, Joey",CIN,1B,158,556,4.28,4,16,15,108,120,16.3,0.90,78.4,4.0,0.326,0.373
"Davis, Khris",OAK,OF,150,555,3.82,1,19,0,42,166,7.0,0.25,70.1,2.7,0.247,0.274
"Crawford, Brandon",SF,SS,155,553,3.79,11,13,10,57,115,9.3,0.50,79.2,4.4,0.275,0.329
"Martinez, Victor",DET,DH,154,553,3.79,0,19,8,50,90,8.3,0.56,83.7,0.0,0.289,0.305
"LeMahieu, DJ",COL,2B,146,552,4.06,16,19,2,66,80,10.7,0.83,85.5,8.7,0.348,0.393
"Duvall, Adam",CIN,OF,150,552,3.65,0,7,1,41,164,6.9,0.25,70.3,10.6,0.241,0.282
"Ellsbury, Jacoby",NYY,OF,148,551,3.72,6,11,1,54,84,8.9,0.64,84.8,17.4,0.263,0.297
"Phillips, Brandon",CIN,2B,141,550,3.58,4,17,3,18,68,3.2,0.26,87.6,16.7,0.291,0.316
"Ramirez, Hanley",BOS,1B,147,549,3.90,1,17,5,60,120,9.9,0.50,78.1,7.6,0.286,0.318
"Trout, Mike",LAA,OF,159,549,4.43,0,5,12,116,137,17.4,0.85,75.0,16.6,0.315,0.376
"Carter, Chris",MIL,1B,160,549,4.24,0,18,1,76,206,12.2,0.37,62.5,3.1,0.222,0.268
"Pillar, Kevin",TOR,OF,146,548,3.64,22,12,0,24,90,4.2,0.27,83.6,15.9,0.266,0.308
"Miller, Brad",TB,SS,152,548,3.86,3,5,0,47,149,7.9,0.32,72.8,8.7,0.243,0.279
"Hernandez, Cesar",PHI,2B,155,547,3.89,51,6,4,66,116,10.8,0.57,78.8,15.3,0.294,0.365
"Gardner, Brett",NYY,OF,148,547,4.07,21,6,0,70,106,11.3,0.66,80.6,11.2,0.261,0.313
"Granderson, Curtis",NYM,OF,150,545,4.24,5,10,7,74,130,12.0,0.57,76.1,4.2,0.237,0.257
"Belt, Brandon",SF,1B,156,542,4.15,7,7,4,104,148,16.1,0.70,72.7,2.1,0.275,0.350
"Posey, Buster",SF,C,146,539,3.73,1,18,7,64,68,10.6,0.94,87.4,4.1,0.288,0.309
"Molina, Yadier",STL,C,147,534,3.55,3,22,1,39,63,6.8,0.62,88.2,3.2,0.307,0.337
"Garcia, Adonis",ATL,3B,134,532,3.55,0,18,4,24,93,4.3,0.26,82.5,4.0,0.273,0.308
"Murphy, Daniel",WAS,2B,142,531,3.57,0,4,10,35,57,6.2,0.61,89.3,5.6,0.347,0.354
"Heyward, Jason",CHC,OF,142,530,3.84,2,12,0,54,93,9.2,0.58,82.5,10.6,0.230,0.267
"Tomas, Yasmany",ARI,OF,140,530,3.50,0,18,4,31,136,5.5,0.23,74.3,5.3,0.272,0.311
"Polanco, Gregory",PIT,OF,144,527,4.08,11,13,6,53,119,9.1,0.45,77.4,17.8,0.258,0.295
"Russell, Addison",CHC,SS,151,525,3.90,7,11,6,55,135,9.5,0.41,74.3,4.6,0.238,0.282
"Werth, Jayson",WAS,OF,143,525,4.60,0,17,0,71,139,11.9,0.51,73.5,4.0,0.244,0.293
"Zobrist, Ben",CHC,2B,147,523,4.17,15,17,6,96,82,15.5,1.17,84.3,5.4,0.272,0.293
"Lamb, Jake",ARI,3B,151,523,4.04,1,13,5,64,154,10.9,0.42,70.6,5.6,0.249,0.297
"Inciarte, Ender",ATL,OF,131,522,3.61,38,8,5,45,68,7.9,0.66,87.0,14.1,0.291,0.330
"Cabrera, Asdrubal",NYM,SS,141,521,3.66,15,14,3,38,103,6.8,0.37,80.2,4.6,0.280,0.311
"Mercer, Jordy",PIT,SS,149,519,3.92,12,11,8,51,83,8.9,0.61,84.0,1.4,0.256,0.287
"Martin, Leonys",SEA,OF,143,518,3.84,71,10,0,44,149,7.8,0.30,71.2,21.9,0.247,0.319
"Escobar, Yunel",LAA,3B,132,517,3.44,5,21,0,40,67,7.2,0.60,87.0,1.8,0.304,0.342
"Espinosa, Danny",WAS,2B,157,516,3.83,51,4,12,54,174,9.5,0.31,66.3,8.9,0.209,0.264
"Mazara, Nomar",TEX,OF,145,516,3.98,0,12,1,39,112,7.0,0.35,78.3,1.4,0.266,0.305
"Perez, Salvador",KC,C,139,514,3.43,0,12,3,22,119,4.1,0.18,76.8,0.0,0.247,0.282
"Utley, Chase",LAD,2B,138,512,3.93,9,0,1,40,115,7.2,0.35,77.5,3.2,0.252,0.300
"Forsythe, Logan",TB,2B,127,511,4.14,0,8,0,46,127,8.3,0.36,75.1,9.0,0.264,0.316
"Braun, Ryan",MIL,OF,135,511,3.72,1,20,10,46,98,8.3,0.47,80.8,14.4,0.305,0.329
"Dickerson, Corey",TB,OF,148,510,3.84,0,12,6,33,134,6.1,0.25,73.7,2.1,0.245,0.287
"Realmuto, J.T.",MIA,C,137,509,3.92,2,12,1,28,100,5.2,0.28,80.4,11.4,0.303,0.359
"Hechavarria, Adeiny",MIA,SS,155,508,3.62,16,10,7,33,73,6.1,0.45,85.6,0.8,0.236,0.271
"Andrus, Elvis",TEX,SS,147,506,3.67,9,18,2,47,70,8.5,0.67,86.2,20.8,0.302,0.339
"Harper, Bryce",WAS,OF,147,506,4.06,9,11,20,108,117,17.6,0.92,76.9,17.1,0.243,0.271
"Gennett, Scooter",MIL,2B,136,498,3.80,19,11,1,38,114,7.1,0.33,77.1,7.3,0.263,0.316
"Mauer, Joe",MIN,1B,134,494,4.28,7,11,10,79,93,13.8,0.85,81.2,1.2,0.261,0.303
"Tulowitzki, Troy",TOR,SS,131,492,3.86,1,14,1,43,101,8.0,0.43,79.5,0.8,0.254,0.275
"Vogt, Stephen",OAK,C,137,490,3.98,5,6,3,35,83,6.7,0.42,83.1,0.0,0.251,0.277
"Saunders, Michael",TOR,OF,140,490,4.27,7,14,2,59,157,10.7,0.38,68.0,2.4,0.253,0.324
"Marte, Starling",PIT,OF,129,489,3.76,22,8,5,23,104,4.5,0.22,78.7,46.5,0.311,0.380
"Harrison, Josh",PIT,2B,131,487,3.62,21,10,0,18,76,3.6,0.24,84.4,19.2,0.283,0.329
"Kendrick, Howie",LAD,2B,146,487,3.80,2,20,2,50,96,9.3,0.52,80.3,8.7,0.255,0.303
"Gonzalez, Marwin",HOU,3B,141,484,3.69,37,16,1,22,118,4.3,0.19,75.6,17.5,0.254,0.312
"Alonso, Yonder",OAK,1B,156,482,3.54,6,15,1,45,74,8.5,0.61,84.6,3.2,0.253,0.287
"Ramos, Wilson",WAS,C,131,482,3.57,0,17,2,35,79,6.8,0.44,83.6,0.0,0.307,0.331
"Shaw, Travis",BOS,3B,145,480,4.02,6,10,4,43,133,8.2,0.32,72.3,5.6,0.242,0.302
"Cespedes, Yoenis",NYM,OF,132,479,4.04,0,14,8,51,108,9.6,0.47,77.5,3.1,0.280,0.303
"Cuthbert, Cheslor",KC,3B,128,475,3.93,2,14,0,32,96,6.3,0.33,79.8,1.7,0.274,0.322
"Carpenter, Matt",STL,2B,129,473,4.22,13,4,6,81,108,14.6,0.75,77.2,2.7,0.271,0.311
"Valencia, Danny",OAK,3B,130,471,3.90,0,11,1,41,115,8.0,0.36,75.6,1.5,0.287,0.348
"Headley, Chase",NYY,3B,140,467,3.96,4,7,3,51,118,9.8,0.43,74.7,7.4,0.253,0.310
"Iglesias, Jose",DET,SS,137,467,3.87,28,12,1,28,50,5.7,0.56,89.3,9.4,0.255,0.278
"Panik, Joe",SF,2B,127,464,3.76,7,14,5,50,47,9.7,1.06,89.9,4.1,0.239,0.248
"Cozart, Zack",CIN,SS,121,464,3.72,4,9,3,37,84,7.4,0.44,81.9,4.6,0.252,0.277
"Drury, Brandon",ARI,3B,134,461,3.89,0,14,2,31,100,6.3,0.31,78.3,1.8,0.282,0.330
"Moreland, Mitch",TEX,1B,147,460,3.92,1,8,5,35,118,7.1,0.30,74.3,1.0,0.233,0.266
"Martinez, J.D.",DET,OF,120,460,3.91,0,13,2,49,128,9.6,0.38,72.2,2.3,0.307,0.384
"Orlando, Paulo",KC,OF,128,457,3.45,18,12,1,13,105,2.8,0.12,77.0,14.4,0.302,0.383
"Fowler, Dexter",CHC,OF,125,456,4.40,11,3,0,79,124,14.8,0.64,72.8,10.6,0.276,0.354
"Martin, Russell",TOR,C,137,455,4.27,3,12,1,64,148,12.3,0.43,67.5,2.3,0.231,0.296
"Davis, Rajai",CLE,OF,134,454,3.71,16,9,0,33,106,6.8,0.31,76.7,45.0,0.249,0.301
"Simmons, Andrelton",LAA,SS,124,448,3.28,9,16,0,28,38,5.9,0.74,91.5,8.7,0.281,0.300
"Gattis, Evan",HOU,C,128,447,3.81,0,12,6,43,127,8.8,0.34,71.6,2.9,0.251,0.278
"Grichuk, Randal",STL,OF,132,446,3.86,0,9,0,28,141,5.9,0.20,68.4,11.4,0.240,0.295
"Gordon, Alex",KC,OF,128,445,4.19,1,9,3,52,148,10.5,0.35,66.7,7.8,0.220,0.289
"Freese, David",PIT,3B,141,437,4.19,0,15,2,45,142,9.3,0.32,67.5,0.0,0.270,0.372
"Sano, Miguel",MIN,3B,116,437,4.24,0,8,1,54,178,11.0,0.30,59.3,0.9,0.236,0.333
"Marte, Ketel",SEA,SS,119,437,3.78,35,10,0,18,84,4.0,0.21,80.8,15.0,0.259,0.318
"Owings, Chris",ARI,SS,119,437,3.48,19,8,4,20,87,4.4,0.23,80.1,22.8,0.277,0.336
"Souza, Steven",TB,OF,120,430,3.92,5,5,0,31,159,6.7,0.19,63.0,12.7,0.247,0.350
"McCann, Brian",NYY,C,130,429,4.08,3,15,2,54,99,11.2,0.55,76.9,0.8,0.242,0.271
"Zimmerman, Ryan",WAS,1B,115,427,3.91,1,12,1,29,104,6.4,0.28,75.6,5.7,0.218,0.253
"Wieters, Matt",BAL,C,124,423,3.63,7,10,1,32,85,7.0,0.38,79.9,1.0,0.243,0.268
"Bautista, Jose",TOR,OF,116,423,4.25,1,21,1,87,103,17.1,0.84,75.7,2.9,0.234,0.258
"Baez, Javier",CHC,SS,142,421,3.73,26,8,3,15,108,3.4,0.14,74.3,15.6,0.273,0.338
"Aoki, Norichika",SEA,OF,118,417,3.61,19,9,0,34,45,7.5,0.76,89.2,13.3,0.283,0.310
"Castillo, Welington",ARI,C,113,416,4.07,0,5,3,33,121,7.3,0.27,70.9,1.9,0.264,0.342
"Garcia, Avisail",CWS,OF,120,413,3.80,0,9,0,34,115,7.6,0.30,72.2,7.8,0.245,0.311
"Moss, Brandon",STL,OF,128,413,3.93,4,8,3,39,141,8.6,0.28,65.9,1.2,0.225,0.266
"Stanton, Giancarlo",MIA,OF,119,413,4.02,0,6,5,50,140,10.8,0.36,66.1,0.0,0.240,0.293
"Walker, Neil",NYM,2B,113,412,4.01,6,11,3,42,84,9.3,0.50,79.6,3.2,0.282,0.305
"Hamilton, Billy",CIN,OF,119,411,3.84,50,5,0,36,93,8.1,0.39,77.4,55.9,0.260,0.330
"Castellanos, Nick",DET,3B,110,411,3.87,0,4,1,28,111,6.4,0.25,73.0,2.0,0.285,0.351
"Travis, Devon",TOR,2B,101,410,4.00,6,6,0,20,87,4.7,0.23,78.8,4.9,0.300,0.359
"Anderson, Tim",CWS,SS,99,410,3.69,12,15,0,13,117,3.1,0.11,71.5,13.0,0.283,0.377
"Kemp, Matt",SD,OF,100,409,3.61,0,8,3,16,100,3.8,0.16,75.6,0.0,0.262,0.294
"Cron, C.J.",LAA,1B,116,407,3.70,0,9,1,24,75,5.6,0.32,81.6,5.3,0.278,0.307
"Pederson, Joc",LAD,OF,137,406,4.18,19,5,4,63,130,13.4,0.48,68.0,7.1,0.246,0.299
"Hardy, J.J.",BAL,SS,115,405,4.12,2,14,1,26,68,6.0,0.38,83.2,0.0,0.269,0.305
"Solarte, Yangervis",SD,3B,109,405,3.57,4,7,1,30,63,6.9,0.48,84.4,1.9,0.286,0.309
"Diaz, Aledmys",STL,SS,111,404,3.79,14,10,6,41,60,9.2,0.68,85.1,7.0,0.300,0.318
"Perez, Hernan",MIL,3B,123,404,3.55,11,6,0,18,94,4.3,0.19,76.7,43.6,0.272,0.327
"Lind, Adam",SEA,1B,126,401,3.75,0,14,3,26,89,6.1,0.29,77.8,1.2,0.239,0.260
"Gyorko, Jedd",STL,SS,128,400,3.88,0,11,1,37,96,8.5,0.39,76.0,0.0,0.243,0.245
"Cain, Lorenzo",KC,OF,103,397,4.05,0,15,3,31,84,7.2,0.37,78.8,16.4,0.287,0.345
"Kepler, Max",MIN,OF,113,396,3.87,8,2,3,42,93,9.6,0.45,76.5,8.3,0.235,0.266
"Pence, Hunter",SF,OF,106,395,4.07,0,10,1,43,95,9.8,0.45,75.9,1.7,0.289,0.352
"Reynolds, Mark",COL,1B,118,393,4.13,0,6,1,42,112,9.7,0.38,71.5,2.6,0.282,0.363
"Grandal, Yasmani",LAD,C,126,390,4.31,4,11,1,64,116,14.1,0.55,70.3,3.6,0.228,0.251
"Rupp, Cameron",PHI,C,105,389,3.78,1,11,0,24,114,5.8,0.21,70.7,1.3,0.252,0.317
"Chisenhall, Lonnie",CLE,OF,126,385,3.80,5,4,2,23,70,5.6,0.33,81.8,6.3,0.286,0.332
"Holliday, Matt",STL,OF,110,382,3.67,0,9,1,35,71,8.4,0.49,81.4,0.0,0.246,0.254
"Jaso, John",PIT,1B,132,380,3.93,2,8,0,45,74,10.6,0.61,80.5,3.6,0.268,0.315
"Smith, Seth",SEA,OF,137,378,4.22,4,11,1,48,89,11.3,0.54,76.5,0.0,0.249,0.286
"Barnhart, Tucker",CIN,C,115,377,3.58,7,12,8,36,72,8.7,0.50,80.9,1.0,0.257,0.302
"Story, Trevor",COL,SS,97,372,4.26,4,5,2,35,130,8.6,0.27,65.1,15.5,0.272,0.344
"Nunez, Eduardo",MIN,SS,91,371,3.59,22,6,0,15,58,3.9,0.26,84.4,34.0,0.296,0.326
"Bruce, Jay",CIN,OF,97,370,3.82,6,11,3,27,83,6.8,0.33,77.6,8.3,0.265,0.279
"Rasmus, Colby",HOU,OF,107,369,4.02,16,5,0,43,121,10.4,0.36,67.2,5.3,0.206,0.262
"Parra, Gerardo",COL,OF,102,368,3.43,22,16,1,9,73,2.4,0.12,80.2,15.4,0.253,0.299
"Kiermaier, Kevin",TB,OF,105,366,3.87,24,5,1,40,74,9.9,0.54,79.8,25.0,0.246,0.279
"Beltran, Carlos",NYY,OF,99,359,3.64,1,13,3,22,70,5.8,0.31,80.5,0.0,0.304,0.326
"Bourjos, Peter",PHI,OF,123,355,3.45,24,6,2,17,91,4.6,0.19,74.4,13.5,0.251,0.324
"Morrison, Logan",TB,1B,107,353,3.84,3,4,1,37,89,9.5,0.42,74.8,6.8,0.238,0.280
"Escobar, Eduardo",MIN,SS,105,352,3.73,3,7,1,21,72,5.6,0.29,79.5,4.9,0.236,0.281
"Dietrich, Derek",MIA,2B,128,351,3.90,1,6,2,32,84,8.4,0.38,76.1,1.0,0.279,0.350
"Revere, Ben",WAS,OF,103,350,3.59,19,12,0,18,34,4.9,0.53,90.3,25.0,0.217,0.236
"Peterson, Jace",ATL,2B,115,350,3.94,11,9,2,52,69,12.9,0.75,80.3,8.5,0.254,0.299
"Maybin, Cameron",DET,OF,94,349,3.86,14,8,0,36,69,9.4,0.52,80.2,17.1,0.315,0.384
"Jay, Jon",SD,OF,90,347,3.80,10,5,0,19,78,5.2,0.24,77.5,2.2,0.291,0.371
"Giavotella, Johnny",LAA,2B,99,346,3.31,10,11,0,13,39,3.6,0.33,88.7,9.2,0.260,0.279
"Suzuki, Kurt",MIN,C,106,345,3.57,8,9,0,18,48,5.0,0.38,86.1,0.0,0.258,0.280
"Upton Jr., Melvin",SD,OF,92,344,3.76,5,5,1,23,106,6.3,0.22,69.2,30.5,0.256,0.324
"McCann, James",DET,C,105,344,3.89,11,12,0,23,109,6.3,0.21,68.3,1.3,0.221,0.287
"Loney, James",NYM,1B,100,343,3.41,1,11,3,16,37,4.5,0.43,89.2,0.0,0.265,0.276
"Lowrie, Jed",OAK,2B,87,338,3.84,3,10,0,26,65,7.1,0.40,80.8,0.0,0.263,0.321
"Lucroy, Jonathan",MIL,C,95,338,4.09,0,12,3,33,70,8.9,0.47,79.3,5.0,0.299,0.345
"Alvarez, Pedro",BAL,DH,109,337,4.13,1,6,1,37,97,9.9,0.38,71.2,1.3,0.249,0.284
"Rosario, Eddie",MIN,OF,92,335,3.71,15,4,2,12,91,3.5,0.13,72.8,9.6,0.269,0.342
"Aybar, Erick",ATL,SS,97,335,3.54,26,14,5,20,59,5.6,0.34,82.4,9.6,0.242,0.288
"Nieuwenhuis, Kirk",MIL,OF,125,335,4.21,13,5,1,56,133,14.3,0.42,60.3,18.1,0.209,0.302
"Jankowski, Travis",SD,OF,131,335,4.07,50,5,0,42,100,11.1,0.42,70.1,39.3,0.245,0.343
"Puig, Yasiel",LAD,OF,104,334,3.51,3,10,0,24,74,6.7,0.32,77.8,8.2,0.263,0.309
"Grossman, Robbie",MIN,OF,99,332,4.16,7,3,0,55,96,14.2,0.57,71.1,4.3,0.280,0.364
"Bourn, Michael",ARI,OF,89,329,3.99,28,3,0,22,83,6.3,0.27,74.8,20.7,0.261,0.342
"Castro, Jason",HOU,C,113,329,4.01,4,9,0,45,123,12.0,0.37,62.6,3.6,0.210,0.297
"Hicks, Aaron",NYY,OF,123,327,3.82,10,7,1,30,68,8.4,0.44,79.2,8.9,0.217,0.251
"Suzuki, Ichiro",MIA,OF,143,327,3.97,15,4,1,30,42,8.4,0.71,87.2,11.5,0.291,0.331
"Cervelli, Francisco",PIT,C,101,326,4.06,5,14,1,56,72,14.7,0.78,77.9,6.3,0.264,0.336
"Fielder, Prince",TEX,DH,89,326,3.72,0,12,1,32,63,8.9,0.51,80.7,0.0,0.212,0.239
"Gordon, Dee",MIA,2B,79,325,3.68,29,4,1,18,55,5.2,0.33,83.1,40.7,0.268,0.320
"Naquin, Tyler",CLE,OF,116,321,4.15,5,4,4,36,112,10.1,0.32,65.1,9.6,0.296,0.415
"Plouffe, Trevor",MIN,3B,84,319,3.78,5,11,0,19,60,5.6,0.32,81.2,1.3,0.260,0.287
"Kang, Jung Ho",PIT,3B,103,318,4.10,0,11,1,36,79,10.2,0.46,75.2,5.2,0.255,0.275
"Joseph, Tommy",PHI,1B,107,315,3.81,0,11,0,22,75,6.5,0.29,76.2,3.0,0.257,0.274
"Wong, Kolten",STL,2B,121,313,3.79,9,3,2,34,52,9.8,0.65,83.4,7.8,0.240,0.273
"Merrifield, Whit",KC,2B,81,311,3.79,15,1,1,19,72,5.8,0.26,76.8,13.8,0.283,0.363
"Turner, Trea",WAS,2B,73,307,3.80,6,1,0,14,59,4.4,0.24,80.8,46.4,0.342,0.391
"Flores, Wilmer",NYM,3B,103,307,4.00,1,9,0,23,48,7.0,0.48,84.4,2.7,0.267,0.272
"Kim, Hyun Soo",BAL,OF,95,305,4.02,5,5,0,36,51,10.6,0.71,83.3,3.8,0.302,0.347
"Conforto, Michael",NYM,OF,109,304,4.04,0,6,2,36,89,10.6,0.40,70.7,4.3,0.220,0.271
"Rodriguez, Sean",PIT,SS,140,300,3.90,3,6,2,33,102,9.9,0.32,66.0,3.8,0.270,0.350
"Dyson, Jarrod",KC,OF,107,299,3.58,39,4,2,26,39,8.0,0.67,87.0,43.0,0.278,0.317
"Smoak, Justin",TOR,1B,126,299,4.03,0,7,1,40,112,11.8,0.36,62.5,1.2,0.217,0.295
"Buxton, Byron",MIN,OF,92,298,3.94,25,2,0,23,118,7.2,0.19,60.4,21.8,0.225,0.335
"Saladino, Tyler",CWS,SS,93,298,3.87,9,11,0,13,62,4.2,0.21,79.2,21.3,0.282,0.333
"Adams, Matt",STL,1B,118,297,4.09,3,5,1,25,81,7.8,0.31,72.7,1.5,0.249,0.290
"Gomez, Carlos",HOU,OF,85,295,3.86,23,11,2,21,100,6.6,0.21,66.1,24.6,0.210,0.300
"Iannetta, Chris",SEA,C,94,295,4.14,1,4,0,38,83,11.4,0.46,71.9,0.0,0.210,0.268
"Valbuena, Luis",HOU,3B,90,292,4.35,21,5,2,44,81,13.1,0.54,72.3,2.2,0.260,0.318
"Holt, Brock",BOS,OF,94,290,4.34,2,5,0,27,58,8.5,0.47,80.0,9.0,0.255,0.298
"Smolinski, Jake",OAK,OF,99,290,3.54,1,11,0,19,44,6.1,0.43,84.8,4.1,0.238,0.259
"Hundley, Nick",COL,C,83,289,3.75,2,12,3,25,65,8.0,0.38,77.5,0.0,0.260,0.304
"Peralta, Jhonny",STL,3B,82,289,3.87,0,5,0,20,56,6.5,0.36,80.6,0.0,0.260,0.298
"Marisnick, Jake",HOU,OF,118,287,3.60,23,4,0,16,83,5.3,0.19,71.1,28.8,0.209,0.276
"Ahmed, Nick",ARI,SS,90,284,3.39,10,9,3,15,58,5.0,0.26,79.6,11.1,0.218,0.261
"Flowers, Tyler",ATL,C,83,281,4.05,0,3,1,29,91,9.4,0.32,67.6,0.0,0.270,0.374
"Bour, Justin",MIA,1B,90,280,3.98,1,8,9,38,56,11.9,0.68,80.0,0.0,0.264,0.282
"Barney, Darwin",TOR,SS,104,279,3.74,4,8,1,22,48,7.3,0.46,82.8,5.1,0.269,0.313
"Schimpf, Ryan",SD,2B,89,276,4.42,0,3,3,42,105,13.2,0.40,62.0,3.3,0.217,0.265
"Burns, Billy",OAK,OF,73,274,3.30,18,3,2,10,30,3.5,0.33,89.1,28.8,0.234,0.262
"Profar, Jurickson",TEX,3B,90,272,4.24,2,7,0,30,61,9.9,0.49,77.6,3.7,0.239,0.291
"Carrera, Ezequiel",TOR,OF,110,270,4.00,39,8,0,27,70,9.1,0.39,74.1,14.1,0.248,0.314
"Healy, Ryon",OAK,3B,72,269,3.79,1,7,1,12,60,4.3,0.20,77.7,0.0,0.305,0.352
"Perez, Carlos",LAA,C,87,268,3.56,16,6,0,12,49,4.3,0.24,81.7,2.1,0.209,0.238
"Marte, Jefry",LAA,3B,88,258,3.82,0,8,0,18,59,6.5,0.31,77.1,7.4,0.252,0.272
"Schebler, Scott",CIN,OF,82,257,3.68,7,5,2,19,59,6.9,0.32,77.0,9.4,0.265,0.312
"Rickard, Joey",BAL,OF,85,257,4.33,12,3,0,18,54,6.5,0.33,79.0,7.2,0.268,0.323
"Duffy, Matt",SF,3B,70,257,3.88,6,9,0,20,40,7.2,0.50,84.4,17.6,0.253,0.286
"Reyes, Jose",NYM,3B,60,255,3.81,6,3,1,23,49,8.3,0.47,80.8,16.7,0.267,0.303
"Hill, Aaron",MIL,2B,78,254,3.89,2,5,0,30,43,10.6,0.70,83.1,7.2,0.283,0.315
"Dickerson, Alex",SD,OF,84,253,3.89,1,5,2,26,44,9.3,0.59,82.6,9.5,0.257,0.276
"Leon, Sandy",BOS,C,78,252,4.22,9,4,1,23,66,8.4,0.35,73.8,0.0,0.310,0.397
"Contreras, Willson",CHC,C,76,252,3.97,5,7,0,26,67,9.4,0.39,73.4,5.7,0.282,0.341
"d'Arnaud, Travis",NYM,C,75,251,3.83,3,7,1,19,50,7.0,0.38,80.1,0.0,0.247,0.294
"Gomes, Yan",CLE,C,74,251,3.45,1,7,0,9,69,3.5,0.13,72.5,0.0,0.167,0.191
"Descalso, Daniel",COL,SS,99,250,3.99,3,2,3,34,56,12.0,0.61,77.6,3.8,0.264,0.312
"White, Tyler",HOU,1B,86,249,4.25,1,6,1,23,65,8.5,0.35,73.9,1.9,0.217,0.261
"Flores, Ramon",MIL,OF,104,249,4.15,6,11,3,31,58,11.1,0.53,76.7,4.2,0.205,0.259
"Gutierrez, Franklin",SEA,OF,98,248,4.41,0,6,0,29,85,10.5,0.34,65.7,1.5,0.246,0.315
"Santana, Domingo",MIL,OF,77,246,4.21,0,7,0,32,91,11.5,0.35,63.0,7.1,0.256,0.361
"Saltalamacchia, Jarrod",DET,C,92,246,4.02,0,1,1,41,104,14.3,0.39,57.7,0.0,0.171,0.231
"Polanco, Jorge",MIN,SS,69,245,3.90,6,3,0,17,46,6.5,0.37,81.2,11.1,0.282,0.333
"Johnson, Chris",MIA,3B,113,243,4.08,1,13,2,19,78,7.3,0.24,67.9,0.0,0.222,0.306
"Reddick, Josh",OAK,OF,68,243,4.06,3,7,5,28,34,10.3,0.82,86.0,6.3,0.296,0.318
"Montero, Miguel",CHC,C,86,241,3.99,1,8,5,38,58,13.6,0.66,75.9,1.4,0.216,0.251
"Peraza, Jose",CIN,SS,72,241,3.50,10,3,0,7,33,2.8,0.21,86.3,43.1,0.324,0.366
"Blanco, Gregor",SF,OF,106,241,3.93,19,5,4,29,51,10.7,0.57,78.8,13.2,0.224,0.280
"Beckham, Gordon",ATL,2B,85,240,3.97,1,12,1,26,50,9.8,0.52,79.2,1.8,0.217,0.254
"Rua, Ryan",TEX,OF,99,240,3.79,2,8,2,21,76,8.0,0.28,68.3,13.6,0.258,0.346
"Thompson, Trayce",LAD,OF,80,236,4.31,0,3,0,26,66,9.9,0.39,72.0,10.9,0.225,0.255
"De Aza, Alejandro",NYM,OF,130,234,4.07,10,5,1,26,67,10.0,0.39,71.4,11.9,0.205,0.261
"Santana, Danny",MIN,OF,75,233,3.70,32,1,0,12,55,4.9,0.22,76.4,38.9,0.240,0.307
"d'Arnaud, Chase",ATL,SS,84,233,3.73,4,5,1,23,50,9.0,0.46,78.5,19.0,0.245,0.308
"Joyce, Matt",PIT,OF,140,231,4.44,2,9,4,59,67,20.3,0.88,71.0,2.2,0.242,0.285
"Soler, Jorge",CHC,OF,86,227,4.03,0,5,0,31,66,12.0,0.47,70.9,0.0,0.238,0.282
"Casali, Curt",TB,C,84,226,4.11,4,2,1,25,82,10.0,0.30,63.7,0.0,0.186,0.250
"Adames, Cristhian",COL,SS,121,225,3.80,9,5,0,24,47,9.6,0.51,79.1,8.2,0.218,0.267
"Shuck, J.B.",CWS,OF,81,224,3.43,10,5,0,12,21,5.1,0.57,90.6,12.8,0.205,0.211
"Raburn, Ryan",COL,OF,113,223,4.13,1,6,0,28,80,11.2,0.35,64.1,0.0,0.220,0.299
"Dahl, David",COL,OF,63,222,3.84,1,3,0,15,59,6.3,0.25,73.4,8.1,0.315,0.404
"De Jesus, Ivan",CIN,SS,104,221,4.08,5,6,1,17,51,7.1,0.33,76.9,6.5,0.253,0.325
"Taylor, Michael",WAS,OF,76,221,3.76,8,2,0,14,77,6.0,0.18,65.2,36.2,0.231,0.321
"Gosselin, Phil",ARI,2B,122,220,3.57,9,0,0,15,46,6.4,0.33,79.1,4.9,0.277,0.343
"Wallace, Brett",SD,3B,119,217,4.26,0,2,3,29,83,11.8,0.35,61.8,0.0,0.189,0.273
"Hernandez, Enrique",LAD,2B,109,216,3.97,2,3,1,28,64,11.5,0.44,70.4,3.7,0.190,0.234
"Park, Byungho",MIN,1B,62,215,4.27,0,3,0,21,80,8.9,0.26,62.8,2.5,0.191,0.236
"Kemp, Matt",ATL,OF,56,214,3.63,0,9,3,20,56,8.5,0.36,73.8,1.9,0.280,0.329
"Garcia, Greg",STL,SS,99,214,4.05,8,3,4,38,50,15.1,0.76,76.6,2.4,0.276,0.348
"Rosales, Adam",SD,2B,105,214,4.17,2,2,2,29,88,11.9,0.33,58.9,8.0,0.229,0.319
"Goeddel, Tyler",PHI,OF,92,213,3.86,6,4,0,17,52,7.4,0.33,75.6,6.3,0.192,0.236
"Guyer, Brandon",TB,OF,63,212,3.50,6,3,1,12,42,5.4,0.29,80.2,7.0,0.241,0.270
"O'Malley, Shawn",SEA,SS,89,210,3.84,35,4,0,18,59,7.9,0.31,71.9,15.1,0.229,0.309
"Bandy, Jett",LAA,C,70,209,3.67,3,5,0,11,38,5.0,0.29,81.8,2.3,0.234,0.252
"Maldonado, Martin",MIL,C,76,208,3.94,8,6,9,35,56,14.4,0.63,73.1,1.6,0.202,0.236
"Broxton, Keon",MIL,OF,75,207,4.34,16,2,0,36,88,14.8,0.41,57.5,40.9,0.242,0.373
"Wolters, Tony",COL,C,71,205,3.81,18,1,2,21,53,9.3,0.40,74.1,9.3,0.259,0.336
"Petit, Gregorio",LAA,2B,89,204,3.60,7,7,1,15,51,6.8,0.29,75.0,4.1,0.245,0.318
"Pearce, Steve",TB,1B,60,204,3.74,0,4,2,26,40,11.3,0.65,80.4,4.5,0.309,0.344
"Young, Chris",BOS,OF,76,203,3.78,1,4,0,21,50,9.4,0.42,75.4,12.0,0.276,0.326
"Arcia, Orlando",MIL,SS,55,201,3.66,6,6,0,15,47,6.9,0.32,76.6,19.0,0.219,0.267
"Bregman, Alex",HOU,3B,49,201,3.83,1,1,0,15,52,6.9,0.29,74.1,4.5,0.264,0.319
"Sanchez, Gary",NYY,C,53,201,4.11,0,5,2,24,57,10.7,0.42,71.6,1.9,0.299,0.323
"Hazelbaker, Jeremy",STL,OF,114,200,3.69,11,1,2,18,64,8.3,0.28,68.0,16.3,0.235,0.282
"Jennings, Desmond",TB,OF,65,200,3.95,7,4,0,21,58,9.5,0.36,71.0,4.3,0.200,0.244
"Beckham, Tim",TB,SS,64,198,3.96,7,3,0,14,67,6.6,0.21,66.2,7.3,0.247,0.349
"Altherr, Aaron",PHI,OF,57,198,4.07,2,4,2,23,69,10.4,0.33,65.2,17.3,0.197,0.280
"Asche, Cody",PHI,OF,71,197,4.18,2,1,0,18,54,8.4,0.33,72.6,9.8,0.213,0.273
"Robinson, Clint",WAS,1B,104,196,3.83,1,4,0,20,38,9.3,0.53,80.6,0.0,0.235,0.268
"Rojas, Miguel",MIA,SS,123,194,3.79,13,10,2,11,27,5.4,0.41,86.1,6.5,0.247,0.283
"Bethancourt, Christian",SD,C,73,193,3.67,0,9,0,10,56,4.9,0.18,71.0,7.7,0.228,0.290
"Beltran, Carlos",TEX,OF,52,193,3.78,0,6,1,13,31,6.3,0.42,83.9,2.1,0.280,0.303
"Gillaspie, Conor",SF,3B,101,191,3.39,0,3,3,12,28,5.9,0.43,85.3,6.8,0.262,0.280
"Blanco, Andres",PHI,2B,90,190,3.76,1,7,0,11,41,5.5,0.27,78.4,12.8,0.253,0.303
"Smith, Mallex",ATL,OF,72,189,3.66,48,3,0,20,48,9.6,0.42,74.6,47.1,0.238,0.304
"Ortega, Rafael",LAA,OF,66,185,3.58,14,5,0,13,23,6.6,0.57,87.6,23.4,0.232,0.261
"Szczur, Matt",CHC,OF,107,185,3.80,19,2,2,13,39,6.6,0.33,78.9,13.0,0.259,0.305
"Rivera, Rene",NYM,C,65,185,3.64,1,4,3,16,54,8.0,0.30,70.8,0.0,0.222,0.280
"Mahtook, Mikie",TB,OF,65,185,3.95,3,2,0,7,68,3.6,0.10,63.2,3.2,0.195,0.289
"Goins, Ryan",TOR,SS,77,183,3.64,7,6,0,9,48,4.7,0.19,73.8,6.9,0.186,0.235
"Almonte, Abraham",CLE,OF,67,182,3.72,5,5,1,8,42,4.2,0.19,76.9,23.5,0.264,0.338
"Nunez, Eduardo",SF,SS,50,182,3.53,3,2,3,14,30,7.1,0.47,83.5,36.2,0.269,0.304
"DeShields Jr., Delino",TEX,OF,74,182,4.09,21,1,0,15,54,7.6,0.28,70.3,26.2,0.209,0.274
"Jackson, Austin",CWS,OF,54,181,4.25,4,3,0,17,39,8.6,0.44,78.5,6.1,0.254,0.324
"Weeks, Rickie",ARI,OF,108,180,4.07,0,8,0,20,54,10.0,0.37,70.0,11.4,0.239,0.291
"Holt, Tyler",CIN,OF,106,179,4.12,12,6,0,23,48,11.4,0.48,73.2,12.3,0.235,0.321
"Choo, Shin-Soo",TEX,OF,48,178,4.02,5,1,1,25,46,12.3,0.54,74.2,16.7,0.242,0.288
"Centeno, Juan",MIN,C,55,176,3.85,8,8,0,12,38,6.4,0.32,78.4,0.0,0.261,0.319
"Franklin, Nick",TB,OF,60,174,3.66,6,1,1,12,42,6.5,0.29,75.9,16.7,0.270,0.325
"Romine, Andrew",DET,3B,109,174,3.76,9,5,0,13,38,7.0,0.34,78.2,17.8,0.236,0.291
"Brown, Trevor",SF,C,75,173,3.73,1,2,0,10,39,5.5,0.26,77.5,2.6,0.237,0.279
"Pennington, Cliff",LAA,2B,74,172,4.01,10,4,0,13,55,7.0,0.24,68.0,2.5,0.209,0.289
"Vazquez, Christian",BOS,C,57,172,4.04,1,3,1,10,39,5.5,0.26,77.3,0.0,0.227,0.288
"Cabrera, Ramon",CIN,C,61,171,3.50,3,5,1,8,30,4.5,0.27,82.5,5.4,0.246,0.283
"Peralta, David",ARI,OF,48,171,3.63,1,3,1,8,42,4.5,0.19,75.4,6.1,0.251,0.312
"Bruce, Jay",NYM,OF,50,169,4.04,0,3,4,17,43,9.1,0.40,74.6,0.0,0.219,0.246
"Avila, Alex",CWS,C,57,169,4.54,0,3,0,38,78,18.4,0.49,53.8,0.0,0.213,0.345
"Ruiz, Carlos",PHI,C,48,165,4.27,0,3,1,24,28,12.7,0.86,83.0,6.9,0.261,0.299
"Romine, Austin",NYY,C,62,165,3.56,6,7,1,7,31,4.1,0.23,81.2,3.1,0.242,0.277
"Zunino, Mike",SEA,C,55,164,4.22,2,0,0,21,65,11.4,0.32,60.4,0.0,0.207,0.253
"Pham, Tommy",STL,OF,78,159,4.16,2,3,1,20,71,11.2,0.28,55.3,10.0,0.226,0.342
"Coghlan, Chris",OAK,2B,51,158,3.95,1,2,1,13,47,7.6,0.28,70.3,7.7,0.146,0.170
"Flaherty, Ryan",BAL,3B,74,157,3.98,4,1,1,17,48,9.8,0.35,69.4,4.9,0.217,0.292
"Torreyes, Ronald",NYY,3B,72,155,3.33,5,4,0,10,20,6.1,0.50,87.1,7.9,0.258,0.291
"Reddick, Josh",LAD,OF,47,155,3.69,5,1,0,11,22,6.6,0.50,85.8,14.0,0.258,0.290
"Sanchez, Yolmer",CWS,2B,53,154,3.75,7,1,0,5,42,3.1,0.12,72.7,4.3,0.208,0.259
"Duda, Lucas",NYM,1B,47,153,4.00,1,1,2,15,36,8.9,0.42,76.5,0.0,0.229,0.255
"Perez, Roberto",CLE,C,61,153,4.15,11,4,0,23,44,13.1,0.52,71.2,0.0,0.183,0.236
"Lucroy, Jonathan",TEX,C,47,152,3.96,0,4,2,14,30,8.4,0.47,80.3,0.0,0.276,0.279
"Vargas, Kennys",MIN,1B,47,152,4.27,0,2,1,24,57,13.6,0.42,62.5,0.0,0.230,0.294
"Refsnyder, Rob",NYY,1B,58,152,3.85,1,5,2,18,30,10.6,0.60,80.3,6.4,0.250,0.311
"Rollins, Jimmy",CWS,SS,41,149,4.16,4,2,0,16,33,9.7,0.48,77.9,18.4,0.221,0.272
"La Stella, Tommy",CHC,3B,74,148,4.13,2,2,1,18,27,10.8,0.67,81.8,2.3,0.270,0.319
"Herrmann, Chris",ARI,C,56,148,4.06,3,2,1,16,44,9.8,0.36,70.3,9.3,0.284,0.367
"Upton Jr., Melvin",TOR,OF,57,148,3.78,2,1,0,14,49,8.6,0.29,66.9,29.4,0.196,0.263
"Chirinos, Robinson",TEX,C,57,147,4.04,3,4,0,15,44,9.3,0.34,70.1,3.6,0.224,0.255
"Colon, Christian",KC,2B,54,147,3.73,4,4,0,11,31,7.0,0.35,78.9,2.6,0.231,0.287
"Frazier, Adam",PIT,OF,66,146,3.91,1,0,0,12,26,7.6,0.46,82.2,11.1,0.301,0.356
"Drew, Stephen",WAS,2B,70,143,4.41,1,3,0,16,31,10.1,0.52,78.3,2.9,0.266,0.288
"Lagares, Juan",NYM,OF,79,142,4.03,10,4,1,11,27,7.2,0.41,81.0,18.2,0.239,0.277
"Amarista, Alexi",SD,2B,65,140,3.78,3,5,2,8,26,5.4,0.31,81.4,26.2,0.257,0.316
"Heisey, Chris",WAS,OF,83,139,4.10,6,0,0,13,44,8.6,0.30,68.3,3.3,0.216,0.244
"Ellis, A.J.",LAD,C,53,139,3.88,5,5,2,16,24,10.3,0.67,82.7,5.4,0.194,0.228
"Gimenez, Chris",CLE,C,68,139,3.82,11,8,0,10,41,6.7,0.24,70.5,0.0,0.216,0.277
"Wright, David",NYM,3B,37,137,4.37,0,0,0,26,55,16.0,0.47,59.9,11.9,0.226,0.320
"Collins, Tyler",DET,OF,56,136,3.90,1,1,0,13,38,8.7,0.34,72.1,5.6,0.235,0.298
"Mondesi, Raul",KC,2B,47,135,3.45,23,1,0,6,48,4.3,0.13,64.4,40.0,0.185,0.271
"Infante, Omar",KC,2B,39,134,3.53,5,0,0,9,23,6.3,0.39,82.8,0.0,0.239,0.288
"Tucker, Preston",HOU,OF,48,134,4.06,1,2,0,8,40,5.6,0.20,70.1,0.0,0.164,0.200
"Plawecki, Kevin",NYM,C,48,132,3.76,0,1,2,17,33,11.4,0.52,75.0,0.0,0.197,0.255
"Joseph, Caleb",BAL,C,49,132,4.07,4,6,0,7,28,5.0,0.25,78.8,0.0,0.174,0.221
"Castro, Daniel",ATL,SS,47,130,3.82,6,4,1,7,24,5.1,0.29,81.5,6.3,0.200,0.245
"Gurriel, Yulieski",HOU,3B,36,130,3.20,1,7,0,5,12,3.7,0.42,90.8,6.9,0.262,0.270
"Swanson, Dansby",ATL,SS,38,129,4.13,2,2,5,13,34,9.2,0.38,73.6,7.3,0.302,0.391
"Bell, Josh",PIT,1B,45,128,4.06,0,4,0,21,19,14.1,1.11,85.2,2.2,0.273,0.302
"Wilson, Bobby",TEX,C,42,128,3.74,5,2,0,5,33,3.8,0.15,74.2,0.0,0.250,0.315
"Parker, Jarrett",SF,OF,63,127,3.94,1,3,1,19,44,13.0,0.43,65.4,2.5,0.236,0.321
"Mathis, Jeff",MIA,C,41,126,3.39,6,1,0,4,36,3.1,0.11,71.4,0.0,0.238,0.318
"Conger, Hank",TB,C,49,124,4.17,4,4,0,12,40,8.8,0.30,67.7,0.0,0.194,0.259
"Hill, Aaron",BOS,2B,47,124,3.87,0,1,2,11,16,8.1,0.69,87.1,0.0,0.218,0.236
"Butera, Drew",KC,C,56,123,4.10,4,2,0,8,36,6.1,0.22,70.7,0.0,0.285,0.373
"Reed, A.J.",HOU,1B,45,122,3.94,0,1,0,18,48,12.9,0.38,60.7,0.0,0.164,0.239
"Kemp, Tony",HOU,OF,59,120,3.65,5,5,0,14,27,10.4,0.52,77.5,9.4,0.217,0.272
"Maile, Luke",TB,C,42,119,3.84,5,2,1,4,36,3.3,0.11,69.7,0.0,0.227,0.300
"Nava, Daniel",LAA,OF,45,119,3.87,0,2,0,9,26,7.0,0.35,78.2,0.0,0.235,0.293
"Thole, Josh",TOR,C,50,118,4.00,5,4,0,13,28,9.9,0.46,76.3,0.0,0.169,0.213
"Presley, Alex",MIL,OF,47,116,4.12,1,2,1,11,25,8.7,0.44,78.4,6.9,0.198,0.227
"Gomez, Carlos",TEX,OF,33,116,3.78,9,0,0,13,36,10.1,0.36,69.0,25.0,0.284,0.347
"Muncy, Max",OAK,2B,51,113,4.17,4,2,1,20,24,15.0,0.83,78.8,0.0,0.186,0.218
"Almora, Albert",CHC,OF,47,112,3.37,5,5,0,5,20,4.3,0.25,82.1,0.0,0.277,0.315
"Williamson, Mac",SF,OF,54,112,4.25,0,4,0,13,35,10.4,0.37,68.8,3.4,0.223,0.268
"Choi, Ji-Man",LAA,1B,54,112,4.09,1,2,1,16,27,12.5,0.59,75.9,23.1,0.170,0.175
"Haniger, Mitch",ARI,OF,34,109,4.04,0,3,2,12,27,9.9,0.44,75.2,0.0,0.229,0.260
"Eibner, Brett",OAK,OF,44,109,3.85,1,2,0,13,27,10.7,0.48,75.2,8.7,0.165,0.190
"Sardinas, Luis",SD,SS,34,108,3.88,2,0,3,11,23,9.2,0.48,78.7,12.1,0.287,0.349
"Tomlinson, Kelby",SF,2B,52,106,3.50,13,1,1,12,18,10.2,0.67,83.0,15.4,0.292,0.352
"Hanigan, Ryan",BOS,C,35,105,4.14,0,5,0,7,27,6.3,0.26,74.3,0.0,0.171,0.221
"Rivera, Troy",NYM,SS,33,105,3.52,0,2,0,3,17,2.8,0.18,83.8,0.0,0.333,0.376
"Rivera, T.J.",NYM,2B,33,105,3.52,0,2,0,3,17,2.8,0.18,83.8,0.0,0.333,0.376
"Benintendi, Andrew",BOS,OF,34,105,4.03,3,0,0,10,25,8.7,0.40,76.2,3.7,0.295,0.372
"Toles, Andrew",LAD,OF,48,105,3.37,1,1,2,8,25,7.1,0.32,76.2,7.1,0.314,0.390
"Moustakas, Mike",KC,3B,27,104,4.10,1,5,0,9,13,8.0,0.69,87.5,4.8,0.240,0.214
"Coghlan, Chris",CHC,2B,48,103,4.00,1,2,2,22,26,17.6,0.85,74.8,2.6,0.252,0.329
"Arcia, Oswaldo",MIN,OF,32,103,4.31,3,1,0,10,46,8.8,0.22,55.3,0.0,0.214,0.340
"Van Slyke, Scott",LAD,OF,52,102,3.55,0,3,1,5,24,4.7,0.21,76.5,14.3,0.225,0.286
"Narvaez, Omar",CWS,C,34,101,3.93,0,0,1,14,14,12.2,1.00,86.1,0.0,0.267,0.302
"Hernandez, Teoscar",HOU,OF,41,100,4.16,4,5,1,11,28,9.9,0.39,72.0,8.7,0.230,0.279
"Barnes, Brandon",COL,OF,48,100,3.63,11,0,0,3,30,2.9,0.10,70.0,17.6,0.220,0.314
"Lobaton, Jose",WAS,C,39,99,3.74,2,4,1,12,18,10.8,0.67,81.8,0.0,0.232,0.256
"Robinson, Shane",LAA,OF,65,98,3.66,6,3,0,10,17,9.3,0.59,82.7,21.7,0.173,0.200
"Stewart, Chris",PIT,C,34,98,4.07,5,2,2,12,15,10.9,0.80,84.7,0.0,0.214,0.244
"Wendle, Joey",OAK,2B,28,96,3.39,1,3,0,6,16,5.9,0.38,83.3,6.9,0.260,0.304
"Brito, Socrates",ARI,OF,40,95,3.68,4,3,0,2,23,2.1,0.09,75.8,18.2,0.179,0.191
"Martinez, Michael",CLE,2B,59,95,3.30,8,1,0,3,21,3.1,0.14,77.9,9.5,0.242,0.301
"Moya, Steven",DET,OF,31,94,4.29,0,0,0,5,38,5.1,0.13,59.6,5.6,0.255,0.373
"Paulsen, Ben",COL,1B,39,92,3.79,1,2,1,5,27,5.2,0.19,70.7,0.0,0.217,0.297
"Heredia, Guillermo",SEA,OF,45,92,4.04,6,1,0,12,15,11.5,0.80,83.7,6.5,0.250,0.289
"Maxwell, Bruce",OAK,C,33,92,4.18,1,2,0,8,24,8.0,0.33,73.9,0.0,0.283,0.373
"Gose, Anthony",DET,OF,30,91,4.23,6,1,0,9,38,9.0,0.24,58.2,4.5,0.209,0.333
"Gosewisch, Tuffy",ARI,C,33,90,3.80,2,1,0,7,22,7.2,0.32,75.6,0.0,0.156,0.169
"Recker, Anthony",ATL,C,33,90,4.12,3,0,1,16,22,15.1,0.73,75.6,3.2,0.278,0.348
"Reynolds, Matt",NYM,SS,47,89,4.03,2,2,0,4,34,4.3,0.12,61.8,7.7,0.225,0.327
"Wilson, Bobby",TB,C,28,87,3.82,5,3,0,5,28,5.4,0.18,67.8,0.0,0.230,0.291
"Cowart, Kaleb",LAA,3B,31,85,3.25,1,1,0,0,23,0.0,0.00,72.9,0.0,0.176,0.230
"Judge, Aaron",NYY,OF,27,84,4.29,0,2,0,9,42,9.7,0.21,50.0,5.6,0.179,0.289
"Holaday, Bryan",TEX,C,30,84,3.91,4,0,0,5,16,5.6,0.31,81.0,6.3,0.238,0.273
"Austin, Tyler",NYY,1B,31,83,4.14,0,1,0,7,36,7.8,0.19,56.6,5.3,0.241,0.357
"Murphy, John Ryan",MIN,C,26,82,3.92,3,3,0,5,19,5.7,0.26,76.8,0.0,0.146,0.177
"Buss, Nick",LAA,OF,36,81,3.80,6,4,0,6,24,6.9,0.25,70.4,23.1,0.198,0.268
"Guyer, Brandon",CLE,OF,38,81,3.52,2,3,0,7,13,8.0,0.54,84.0,7.4,0.333,0.379
"Motter, Taylor",TB,OF,34,80,4.28,0,1,0,11,19,12.1,0.58,76.3,4.8,0.188,0.220
"Aybar, Erick",DET,SS,29,80,3.74,3,1,1,11,11,12.1,1.00,86.3,0.0,0.250,0.279
"Phegley, Josh",OAK,C,26,78,3.62,0,4,0,5,13,6.0,0.38,83.3,0.0,0.256,0.297
"Soto, Geovany",LAA,C,26,78,3.41,2,1,0,6,21,7.1,0.29,73.1,0.0,0.269,0.321
"Elmore, Jake",MIL,OF,59,78,4.39,7,1,1,17,17,17.9,1.00,78.2,15.6,0.218,0.279
"Eibner, Brett",KC,OF,26,78,4.11,1,1,1,6,23,7.1,0.26,70.5,0.0,0.231,0.288
"Fryer, Eric",PIT,C,36,78,4.37,3,1,0,10,18,11.4,0.56,76.9,8.3,0.218,0.283
"Duffy, Matt",TB,3B,21,76,3.73,0,4,0,3,13,3.8,0.23,82.9,5.0,0.276,0.323
"Segedin, Rob",LAD,OF,40,73,3.96,0,1,0,6,22,7.6,0.27,69.9,0.0,0.233,0.306
"Nimmo, Brandon",NYM,OF,32,73,4.36,0,0,0,6,20,7.6,0.30,72.6,0.0,0.274,0.365
"Sardinas, Luis",SEA,SS,32,72,3.60,7,3,0,1,25,1.4,0.04,65.3,16.7,0.181,0.244
"Blash, Jabari",SD,OF,38,71,4.32,0,3,0,11,34,13.4,0.32,52.1,5.6,0.169,0.265
"Pina, Manny",MIL,C,33,71,3.96,0,2,0,10,15,12.3,0.67,78.9,4.5,0.254,0.296
"Garneau, Dustin",COL,C,24,68,3.64,4,1,0,6,22,8.1,0.27,67.6,0.0,0.235,0.333
"Lough, David",PHI,OF,30,67,3.67,2,0,1,9,8,11.8,1.13,88.1,14.3,0.239,0.271
"Culberson, Charlie",LAD,SS,34,67,3.28,1,2,0,1,13,1.5,0.08,80.6,5.9,0.299,0.358
"Rivera, Yadiel",MIL,3B,35,66,3.76,4,4,0,2,20,2.9,0.10,69.7,0.0,0.212,0.304
"O'Brien, Peter",ARI,OF,28,64,3.75,0,2,2,3,27,4.5,0.11,57.8,0.0,0.141,0.125
"Adrianza, Ehire",SF,SS,40,63,3.61,7,0,0,2,13,3.1,0.15,79.4,7.1,0.254,0.292
"Schafer, Logan",MIN,OF,26,63,3.64,4,0,0,8,16,11.3,0.50,74.6,0.0,0.238,0.319
"Swihart, Blake",BOS,OF,19,62,4.01,0,0,0,11,17,15.1,0.65,72.6,4.2,0.258,0.356
"Brentz, Bryce",BOS,OF,25,61,3.86,0,1,0,3,17,4.7,0.18,72.1,0.0,0.279,0.372
"Ackley, Dustin",NYY,1B,28,61,4.03,0,0,0,8,9,11.6,0.89,85.2,0.0,0.148,0.173
"Renda, Tony",CIN,2B,32,60,3.63,4,4,0,5,11,7.7,0.45,81.7,0.0,0.183,0.224
"Pearce, Steve",BAL,1B,25,60,4.29,0,1,0,8,14,11.8,0.57,76.7,0.0,0.217,0.233
"Difo, Wilmer",WAS,2B,31,58,3.59,1,0,1,8,12,12.1,0.67,79.3,15.0,0.276,0.333
"Kelly, Ty",NYM,OF,39,58,4.34,0,2,0,11,9,15.9,1.22,84.5,0.0,0.241,0.271
"Taylor, Chris",LAD,3B,34,58,3.82,1,3,1,4,13,6.5,0.31,77.6,0.0,0.207,0.250
"Quinn, Roman",PHI,OF,15,57,3.88,8,0,0,8,19,12.3,0.42,66.7,31.6,0.263,0.395
"Alberto, Hanser",TEX,3B,35,56,3.05,4,1,0,0,17,0.0,0.00,69.6,14.3,0.143,0.205
"Kratz, Erik",PIT,C,18,56,3.51,5,2,0,0,18,0.0,0.00,67.9,0.0,0.107,0.135
"Cardullo, Stephen",COL,OF,27,56,4.25,0,2,0,3,12,5.1,0.25,78.6,0.0,0.214,0.238
"Hernandez, Gorkys",SF,OF,26,54,3.88,6,0,0,3,11,5.3,0.27,79.6,10.0,0.259,0.293
"Arcia, Oswaldo",TB,OF,21,54,3.92,0,0,0,6,19,10.0,0.32,64.8,13.3,0.259,0.364
"Decker, Jaff",TB,OF,19,52,4.04,1,1,0,4,14,7.1,0.29,73.1,9.1,0.154,0.211
"Pinder, Chad",OAK,2B,22,51,3.78,1,1,0,3,14,5.6,0.21,72.5,0.0,0.235,0.306
"Selsky, Steve",CIN,OF,24,51,3.83,1,1,0,2,22,3.8,0.09,56.9,7.1,0.314,0.519
"Hernandez, Marco",BOS,2B,40,51,3.41,1,0,0,5,10,8.9,0.50,80.4,5.6,0.294,0.350
"Weeks, Jemile",SD,2B,17,50,3.86,5,1,0,3,14,5.7,0.21,72.0,12.5,0.140,0.194
"Mesoraco, Devin",CIN,C,16,50,3.64,0,3,0,5,10,9.1,0.50,80.0,9.1,0.140,0.175
"Rutledge, Josh",BOS,3B,28,49,3.95,2,3,0,6,19,10.9,0.32,61.2,15.4,0.265,0.433
"Ladendorf, Tyler",OAK,2B,45,48,3.50,5,3,0,1,13,2.0,0.08,72.9,40.0,0.083,0.114
"Spangenberg, Cory",SD,2B,14,48,3.43,4,0,0,4,13,7.7,0.31,72.9,8.3,0.229,0.294
"Garcia, Leury",CWS,OF,18,48,3.90,2,0,0,1,13,2.0,0.08,72.9,33.3,0.229,0.294
"Shaffer, Richie",TB,1B,20,48,3.54,1,0,0,5,18,9.4,0.28,62.5,10.0,0.250,0.379
"Walsh, Colin",MIL,3B,38,47,4.63,0,1,0,15,22,24.2,0.68,53.2,0.0,0.085,0.160
"Bourn, Michael",BAL,OF,24,46,3.76,5,0,0,6,9,11.5,0.67,80.4,12.5,0.283,0.314
"Hoying, Jared",TEX,OF,39,46,4.02,0,0,0,3,8,6.1,0.38,82.6,9.1,0.217,0.263
"Snyder, Brandon",ATL,3B,37,46,4.51,0,1,0,1,16,2.1,0.06,65.2,0.0,0.239,0.269
"Green, Grant",SF,2B,18,46,3.84,0,3,0,3,8,6.1,0.38,82.6,0.0,0.261,0.297
"Burriss, Manny",PHI,2B,39,45,3.50,5,1,0,2,10,4.3,0.20,77.8,20.0,0.111,0.143
"Iribarren, Hernan",CIN,OF,24,45,4.33,0,2,0,0,11,0.0,0.00,75.6,9.1,0.311,0.412
"Murphy, Tom",COL,C,21,44,4.55,0,2,0,4,19,8.3,0.21,56.8,11.1,0.273,0.350
"Arcia, Oswaldo",SD,OF,14,43,4.02,0,0,0,2,14,4.4,0.14,67.4,0.0,0.116,0.111
"McBride, Matt",OAK,OF,20,43,3.89,0,0,0,1,10,2.3,0.10,76.7,0.0,0.209,0.273
"Sanchez, Hector",SD,C,26,42,4.00,0,0,0,3,8,6.7,0.38,81.0,0.0,0.286,0.290
"Goodwin, Brian",WAS,OF,22,42,3.98,2,1,0,2,14,4.5,0.14,66.7,0.0,0.286,0.429
"Canha, Mark",OAK,1B,16,41,3.91,1,1,0,0,20,0.0,0.00,51.2,50.0,0.122,0.111
"Fuentes, Reymond",KC,OF,13,41,3.70,2,0,0,3,8,6.8,0.38,80.5,13.3,0.317,0.394
"Pollock, A.J.",ARI,OF,12,41,3.43,0,1,0,5,8,10.9,0.63,80.5,30.8,0.244,0.258
"Gamel, Ben",SEA,OF,27,40,3.96,2,0,0,5,15,11.1,0.33,62.5,0.0,0.200,0.292
"Nicholas, Brett",TEX,1B,15,40,4.11,0,2,0,4,9,9.1,0.44,77.5,0.0,0.275,0.310
"Pena, Francisco",BAL,C,14,40,3.16,1,2,0,2,14,4.8,0.14,65.0,0.0,0.200,0.280
"Pirela, Jose",SD,2B,15,39,3.73,1,0,0,1,9,2.5,0.11,76.9,20.0,0.154,0.200
"Brantley, Michael",CLE,OF,11,39,3.95,0,1,1,3,6,7.1,0.50,84.6,10.0,0.231,0.273
"Fryer, Eric",STL,C,24,38,3.54,2,0,0,3,7,7.3,0.43,81.6,6.7,0.368,0.452
"Tapia, Raimel",COL,OF,22,38,3.56,4,0,0,2,11,5.0,0.18,71.1,25.0,0.263,0.370
"Stubbs, Drew",ATL,OF,20,38,4.40,1,1,0,4,20,9.5,0.20,47.4,33.3,0.237,0.471
"Rosario, Alberto",STL,C,20,38,3.93,1,2,0,2,5,5.0,0.40,86.8,0.0,0.184,0.212
"Bonifacio, Emilio",ATL,2B,24,38,3.44,5,0,0,3,12,7.3,0.25,68.4,9.1,0.211,0.308
"Burns, Billy",KC,OF,24,37,3.10,4,0,0,0,7,0.0,0.00,81.1,55.6,0.243,0.300
"Margot, Manuel",SD,OF,10,37,3.84,0,0,0,0,7,0.0,0.00,81.1,50.0,0.243,0.300
"Ruiz, Carlos",LAD,C,14,36,4.15,0,1,0,3,5,7.7,0.60,86.1,0.0,0.278,0.323
"Lake, Junior",TOR,OF,22,35,4.10,1,0,0,4,11,10.3,0.36,68.6,14.3,0.200,0.261
"Renfroe, Hunter",SD,OF,11,35,3.58,0,1,1,1,5,2.8,0.20,85.7,0.0,0.371,0.346
"Tejada, Ruben",STL,3B,23,34,3.48,1,1,0,2,8,5.6,0.25,76.5,0.0,0.176,0.231
"den Dekker, Matt",WAS,OF,19,34,4.18,1,0,0,4,10,10.5,0.40,70.6,12.5,0.176,0.217
"Gentry, Craig",LAA,OF,14,34,4.05,6,2,0,3,6,8.1,0.50,82.4,0.0,0.147,0.179
"Holaday, Bryan",BOS,C,14,33,3.83,1,1,0,2,12,5.7,0.17,63.6,0.0,0.212,0.333
"Barnes, Austin",LAD,C,21,32,4.03,2,0,0,5,9,13.5,0.56,71.9,0.0,0.156,0.217
"Ellis, A.J.",PHI,C,11,32,4.37,0,0,0,3,7,8.6,0.43,78.1,11.1,0.313,0.375
"Tejada, Ruben",SF,3B,13,32,3.39,1,0,0,5,5,13.5,1.00,84.4,0.0,0.156,0.185
"Janish, Paul",BAL,SS,14,31,3.63,2,0,0,3,3,8.8,1.00,90.3,0.0,0.194,0.214
"Federowicz, Tim",CHC,C,17,31,4.58,1,1,0,1,12,3.1,0.08,61.3,0.0,0.194,0.316
"Hanson, Alen",PIT,2B,27,31,3.18,3,0,1,2,5,6.1,0.40,83.9,37.5,0.226,0.269
"Kratz, Erik",HOU,C,15,29,4.43,1,1,0,1,14,3.3,0.07,51.7,0.0,0.069,0.133
"Colabello, Chris",TOR,1B,10,29,3.88,0,2,0,2,9,6.5,0.22,69.0,0.0,0.069,0.100
"Brignac, Reid",ATL,3B,13,29,4.00,1,0,0,0,8,0.0,0.00,72.4,0.0,0.207,0.286
"Jones, JaCoby",DET,OF,13,28,3.71,1,1,0,0,12,0.0,0.00,57.1,0.0,0.214,0.375
"Severino, Pedro",WAS,C,16,28,3.71,0,0,0,5,3,15.2,1.67,89.3,0.0,0.321,0.304
"Cunningham, Todd",LAA,OF,20,27,3.83,2,1,0,1,6,3.6,0.17,77.8,50.0,0.148,0.190
"Middlebrooks, Will",MIL,3B,10,27,4.03,0,0,0,4,13,12.9,0.31,51.9,0.0,0.111,0.214
"Ceciliani, Darrell",TOR,OF,13,27,4.00,1,0,0,1,14,3.6,0.07,48.1,0.0,0.111,0.231
"Williams, Mason",NYY,OF,12,27,3.55,2,0,0,1,12,3.6,0.08,55.6,0.0,0.296,0.533
"Featherston, Taylor",PHI,2B,19,26,4.04,0,0,0,2,11,7.1,0.18,57.7,50.0,0.115,0.200
"Rondon, Jose",SD,SS,8,25,3.38,1,1,0,1,4,3.8,0.25,84.0,0.0,0.120,0.143
"Gallo, Joey",TEX,3B,17,25,4.73,0,0,0,5,19,16.7,0.26,24.0,20.0,0.040,0.000
"Sucre, Jesus",SEA,C,9,25,3.72,0,1,0,2,5,7.4,0.40,80.0,0.0,0.480,0.579
"Rogers, Jason",PIT,1B,23,25,4.30,0,1,0,7,9,21.9,0.78,64.0,0.0,0.080,0.125
"Hood, Destin",MIA,OF,13,25,4.00,0,0,0,0,11,0.0,0.00,56.0,25.0,0.240,0.385
"Hedges, Austin",SD,C,8,24,3.69,0,0,0,0,7,0.0,0.00,70.8,50.0,0.125,0.176
"Asuaje, Carlos",SD,2B,7,24,3.68,0,0,0,1,4,4.0,0.25,83.3,0.0,0.208,0.250
"Florimon, Pedro",PIT,2B,18,24,4.04,1,0,0,1,12,4.0,0.08,50.0,25.0,0.208,0.417
"Ethier, Andre",LAD,OF,16,24,3.96,0,1,1,2,6,7.7,0.33,75.0,0.0,0.208,0.235
"Andino, Robert",MIA,2B,13,24,3.21,0,0,0,0,4,0.0,0.00,83.3,0.0,0.292,0.350
"Moran, Colin",HOU,3B,9,23,3.92,0,4,0,1,8,4.2,0.13,65.2,0.0,0.130,0.200
"Waldrop, Kyle",CIN,OF,15,22,4.13,0,0,0,1,5,4.3,0.20,77.3,20.0,0.227,0.294
"Stubbs, Drew",BAL,OF,20,22,4.70,0,0,0,4,11,15.4,0.36,50.0,28.6,0.136,0.273
"Reed, Michael",MIL,OF,8,22,3.13,0,1,0,2,7,8.3,0.29,68.2,16.7,0.182,0.267
"Solano, Donovan",NYY,2B,9,22,3.83,0,0,0,1,3,4.3,0.33,86.4,0.0,0.227,0.222
"Kawasaki, Munenori",CHC,2B,14,21,4.12,1,1,0,4,5,16.0,0.80,76.2,22.2,0.333,0.438
"Olson, Matt",OAK,OF,11,21,3.79,0,1,0,7,4,25.0,1.75,81.0,0.0,0.095,0.118
"Ruggiano, Justin",NYM,OF,8,20,4.14,0,1,0,2,9,9.1,0.22,55.0,14.3,0.350,0.556
"Stubbs, Drew",TEX,OF,19,20,3.96,1,0,0,4,7,16.7,0.57,65.0,50.0,0.300,0.364
"Alcantara, Arismendy",OAK,OF,16,19,3.47,1,1,0,0,8,0.0,0.00,57.9,200.0,0.211,0.364
"Moncada, Yoan",BOS,2B,8,19,4.35,0,0,0,1,12,5.0,0.08,36.8,0.0,0.211,0.571
"Dozier, Hunter",KC,OF,8,19,4.10,0,0,0,2,8,9.5,0.25,57.9,0.0,0.211,0.364
"Valaika, Pat",COL,3B,13,19,3.63,0,0,0,0,8,0.0,0.00,57.9,0.0,0.263,0.400
"Patterson, Jordan",COL,OF,10,18,3.21,0,0,0,1,1,5.3,1.00,94.4,12.5,0.444,0.471
"Noonan, Nick",SD,SS,7,18,3.80,0,0,0,1,5,5.3,0.20,72.2,25.0,0.167,0.231
"Susac, Andrew",MIL,C,9,17,3.84,0,0,0,2,5,10.5,0.40,70.6,0.0,0.235,0.273
"Martinez, Jose",STL,OF,12,16,4.06,0,0,0,2,1,11.1,2.00,93.8,0.0,0.438,0.467
"Alfaro, Jorge",PHI,C,6,16,3.82,0,0,1,1,8,5.9,0.13,50.0,0.0,0.125,0.250
"Kivlehan, Patrick",SD,OF,5,16,4.42,0,0,0,2,9,11.1,0.22,43.8,0.0,0.250,0.500
"Smith, Kevan",CWS,C,7,16,4.00,0,1,0,0,6,0.0,0.00,62.5,0.0,0.125,0.200
"Gonzalez, Erik",CLE,SS,21,16,3.53,0,0,0,1,8,5.9,0.13,50.0,16.7,0.313,0.625
"Stallings, Jacob",PIT,C,5,15,4.60,0,0,0,0,4,0.0,0.00,73.3,20.0,0.400,0.545
"Nunez, Renato",OAK,3B,9,15,4.40,0,0,0,0,3,0.0,0.00,80.0,0.0,0.133,0.167
"Graterol, Juan",LAA,C,9,14,3.33,2,0,0,0,3,0.0,0.00,78.6,0.0,0.286,0.364
"Mancini, Trey",BAL,DH,5,14,3.67,0,0,0,0,4,0.0,0.00,71.4,0.0,0.357,0.286
"Davis, Ike",NYY,1B,8,14,3.40,0,1,0,1,5,6.7,0.20,64.3,0.0,0.214,0.333
"Freeman, Mike",SEA,2B,13,13,3.69,0,1,0,0,2,0.0,0.00,84.6,0.0,0.385,0.455
"Telis, Tomas",MIA,C,10,13,3.31,0,0,0,0,2,0.0,0.00,84.6,0.0,0.308,0.300
"Stassi, Max",HOU,C,9,13,3.92,0,0,0,0,5,0.0,0.00,61.5,0.0,0.077,0.125
"Pena, Brayan",STL,C,9,13,2.79,1,0,0,1,2,7.1,0.50,84.6,0.0,0.154,0.182
"Kelly, Carson",STL,C,10,13,3.14,0,0,0,0,2,0.0,0.00,84.6,0.0,0.154,0.182
"Lalli, Blake",ATL,C,10,13,3.15,0,1,0,0,3,0.0,0.00,76.9,0.0,0.154,0.200
"Ryan, Brendan",LAA,2B,17,13,4.00,1,0,0,0,7,0.0,0.00,46.2,0.0,0.077,0.167
"Wilson, Bobby",DET,C,5,13,2.87,0,1,0,1,3,7.1,0.33,76.9,0.0,0.154,0.200
"Cowgill, Collin",CLE,OF,9,12,4.00,0,1,0,2,7,14.3,0.29,41.7,0.0,0.083,0.200
"Vogelbach, Dan",SEA,1B,8,12,3.69,0,0,0,1,6,7.7,0.17,50.0,0.0,0.083,0.167
"Marrero, Deven",BOS,2B,13,12,4.00,0,0,0,2,5,14.3,0.40,58.3,0.0,0.083,0.143
"Hernandez, Oscar",ARI,C,4,11,3.82,0,1,0,0,0,0.0,0.00,100.0,0.0,0.182,0.100
"Candelario, Jeimer",CHC,3B,5,11,4.00,0,0,1,2,5,15.4,0.40,54.5,0.0,0.091,0.167
"Querecuto, Juniel",TB,2B,4,11,4.18,0,0,0,0,6,0.0,0.00,45.5,0.0,0.091,0.200
"Nava, Daniel",KC,OF,9,11,4.17,0,0,0,1,4,8.3,0.25,63.6,0.0,0.091,0.143
"Dominguez, Matt",TOR,3B,5,11,4.25,0,0,0,1,3,8.3,0.33,72.7,0.0,0.000,0.000
"Machado, Dixon",DET,SS,8,10,5.08,1,0,0,3,4,23.1,0.75,60.0,0.0,0.100,0.167
"Freeman, Mike",ARI,2B,8,9,4.82,0,1,0,2,5,18.2,0.40,44.4,0.0,0.000,0.000
"Castillo, Rusney",BOS,OF,9,8,3.13,0,0,0,0,3,0.0,0.00,62.5,0.0,0.250,0.400
"Gamel, Ben",NYY,OF,6,8,3.60,1,1,0,1,1,11.1,1.00,87.5,0.0,0.125,0.143
"Morse, Mike",PIT,1B,6,8,3.88,0,0,0,0,2,0.0,0.00,75.0,0.0,0.000,0.000
"Parmelee, Chris",NYY,1B,6,8,4.38,0,0,0,0,3,0.0,0.00,62.5,0.0,0.500,0.667
"Lopez, Raffy",CIN,C,8,7,3.71,0,0,0,0,3,0.0,0.00,57.1,0.0,0.000,0.000
"Sanchez, Hector",CWS,C,2,7,3.25,0,0,0,1,2,12.5,0.50,71.4,0.0,0.143,0.200
"Ruiz, Rio",ATL,3B,5,7,3.57,0,0,0,0,2,0.0,0.00,71.4,100.0,0.286,0.400
"Cecchini, Gavin",NYM,SS,4,6,3.57,0,0,0,0,2,0.0,0.00,66.7,0.0,0.333,0.500
"Sandoval, Pablo",BOS,3B,3,6,5.29,0,0,0,1,4,14.3,0.25,33.3,0.0,0.000,0.000
"Johnson, Micah",LAD,2B,7,6,3.17,1,0,0,0,1,0.0,0.00,83.3,0.0,0.167,0.200
"Aguilar, Jesus",CLE,1B,9,6,5.17,0,0,0,0,1,0.0,0.00,83.3,0.0,0.000,0.000
"Martinez, Michael",BOS,2B,4,6,3.29,1,0,0,1,2,14.3,0.50,66.7,0.0,0.167,0.250
"LaMarre, Ryan",BOS,OF,6,5,5.00,0,1,0,1,2,16.7,0.50,60.0,0.0,0.000,0.000
"Walters, Zach",LAD,OF,3,5,2.80,0,0,0,0,2,0.0,0.00,60.0,0.0,0.000,0.000
"Presley, Alex",DET,OF,3,5,4.60,0,0,0,0,0,0.0,0.00,100.0,0.0,0.200,0.200
"Ynoa, Rafael",COL,OF,3,5,5.40,0,0,0,0,2,0.0,0.00,60.0,0.0,0.000,0.000
"Beckham, Gordon",SF,2B,3,5,3.33,0,0,0,0,2,0.0,0.00,60.0,0.0,0.000,0.000
"Pinto, Josmil",MIL,C,6,5,5.00,0,0,0,1,4,16.7,0.25,20.0,0.0,0.000,0.000
"Kivlehan, Patrick",CIN,OF,3,5,3.40,0,0,0,0,2,0.0,0.00,60.0,0.0,0.000,0.000
"Moore, Adam",CLE,C,9,5,5.40,0,0,0,0,4,0.0,0.00,20.0,0.0,0.000,0.000
"Morales, Kendrys",KC,DH,154,558,3.98,0,20,2,48,120,7.9,0.40,78.5,0.0,0.263,0.287
"Martinez, Victor",DET,DH,154,553,3.79,0,19,8,50,90,8.3,0.56,83.7,0.0,0.289,0.305
"Alvarez, Pedro",BAL,DH,109,337,4.13,1,6,1,37,97,9.9,0.38,71.2,1.3,0.249,0.284
"Fielder, Prince",TEX,DH,89,326,3.72,0,12,1,32,63,8.9,0.51,80.7,0.0,0.212,0.239
"Mancini, Trey",BAL,DH,5,14,3.67,0,0,0,0,4,0.0,0.00,71.4,0.0,0.357,0.286