Player Name,Team,G,IP,GS,QS,QS%,K/BB,K/9,BB/9,HR/9,BABIP,Str %,FB MPH,ERA,FIP
"Ray, Robbie",ARI,32,174.3,32,10,31.3,3.07,11.25,3.67,1.24,0.370,69.4,94.1,4.90,3.75
"Greinke, Zack",ARI,26,158.7,26,16,61.5,3.27,7.60,2.33,1.30,0.306,69.8,91.3,4.37,4.20
"Corbin, Patrick",ARI,36,155.7,24,8,33.3,1.98,7.57,3.82,1.39,0.332,70.3,91.7,5.15,4.84
"Bradley, Archie",ARI,26,141.7,26,11,42.3,2.13,9.08,4.26,1.02,0.350,69.3,92.4,5.02,4.12
"Miller, Shelby",ARI,20,101.0,20,4,20.0,1.67,6.24,3.74,1.25,0.345,64.5,93.0,6.15,4.90
"Delgado, Randall",ARI,79,75.0,0,0,0.0,1.89,8.16,4.32,0.96,0.325,72.4,92.0,4.44,4.26
"Godley, Zack",ARI,27,74.7,9,3,33.3,2.40,7.23,3.01,1.57,0.327,59.2,90.8,6.39,4.89
"Shipley, Braden",ARI,13,70.0,11,5,45.5,1.54,5.53,3.60,1.80,0.299,71.3,91.2,5.27,5.81
"Hudson, Daniel",ARI,70,60.3,0,0,0.0,2.64,8.65,3.28,0.90,0.345,64.2,95.7,5.22,3.70
"Barrett, Jake",ARI,68,59.3,0,0,0.0,2.00,8.49,4.25,0.91,0.269,75.4,94.9,3.49,4.09
"De La Rosa, Rubby",ARI,13,50.7,10,4,40.0,2.70,9.59,3.55,1.42,0.283,70.9,94.6,4.26,4.34
"Burgos, Enrique",ARI,43,41.3,0,0,0.0,1.87,9.36,5.01,1.09,0.310,62.5,95.8,5.66,4.42
"Ziegler, Brad",ARI,36,38.3,0,0,0.0,1.80,6.34,3.52,0.23,0.330,80.0,83.9,2.82,3.34
"Clippard, Tyler",ARI,40,37.7,0,0,0.0,3.07,10.99,3.58,1.67,0.310,73.8,91.1,4.30,4.41
"Leone, Dominic",ARI,25,27.0,0,0,0.0,1.92,7.67,4.00,2.33,0.417,76.0,93.1,6.33,6.24
"Bracho, Silvino",ARI,26,24.7,0,0,0.0,1.70,6.20,3.65,2.55,0.313,61.8,92.7,7.30,6.77
"Chafin, Andrew",ARI,32,22.7,0,0,0.0,2.55,11.12,4.37,0.40,0.369,50.0,92.8,6.75,2.81
"Collmenter, Josh",ARI,15,22.3,0,0,0.0,1.55,6.85,4.43,1.61,0.270,71.4,84.3,4.84,5.53
"Koch, Matt",ARI,7,18.0,2,1,50.0,2.50,5.00,2.00,0.50,0.164,75.0,92.0,2.00,3.50
"Marshall, Evan",ARI,15,15.3,0,0,0.0,1.13,5.28,4.70,1.17,0.432,61.8,93.4,8.80,5.34
"Hathaway, Steve",ARI,24,14.7,0,0,0.0,2.50,9.20,3.68,0.61,0.392,69.6,92.6,4.91,3.31
"Curtis, Zac",ARI,21,13.3,0,0,0.0,0.77,6.75,8.78,1.35,0.285,66.7,90.9,6.75,6.67
"Wagner, Tyler",ARI,3,10.0,0,0,0.0,3.50,6.30,1.80,0.00,0.298,81.8,89.9,1.80,2.42
"Loewen, Adam",ARI,8,6.0,0,0,0.0,0.50,4.50,9.00,1.50,0.301,25.0,90.9,15.00,7.47
"Campos, Vicente",ARI,1,5.7,0,0,0.0,2.00,6.35,3.18,3.18,0.143,100.0,0.0,3.18,7.47
"Hessler, Keith",ARI,2,3.0,0,0,0.0,1.00,6.00,6.00,0.00,0.436,57.1,91.6,9.00,3.93
"Teheran, Julio",ATL,30,188.0,30,16,53.3,4.07,7.99,1.96,1.05,0.271,74.4,90.9,3.21,3.62
"Wisler, Matt",ATL,27,156.7,26,15,57.7,2.35,6.61,2.81,1.49,0.289,66.5,92.8,5.00,4.86
"Foltynewicz, Mike",ATL,22,123.3,22,9,40.9,3.17,8.10,2.55,1.31,0.311,71.1,95.2,4.31,4.18
"Norris, Bud",ATL,22,70.3,10,3,30.0,2.14,7.68,3.58,0.77,0.309,70.0,93.5,4.22,3.84
"Blair, Aaron",ATL,15,70.0,15,4,26.7,1.35,5.91,4.37,1.80,0.310,55.9,90.9,7.59,5.99
"Johnson, Jim",ATL,65,64.7,0,0,0.0,3.40,9.46,2.78,0.42,0.321,74.3,93.3,3.06,2.66
"De La Cruz, Joel",ATL,22,62.7,9,1,11.1,1.68,5.31,3.16,1.44,0.282,68.8,91.4,4.88,5.18
"Perez, Williams",ATL,11,53.7,11,3,27.3,1.80,4.53,2.52,1.17,0.287,55.4,91.2,6.04,4.76
"Jenkins, Tyrell",ATL,14,52.0,8,4,50.0,0.79,4.50,5.71,1.90,0.267,70.1,91.2,5.88,6.92
"Krol, Ian",ATL,63,51.0,0,0,0.0,4.31,9.88,2.29,0.71,0.363,77.8,93.9,3.18,2.81
"Gant, John",ATL,20,50.0,7,1,14.3,2.33,8.82,3.78,1.26,0.338,70.6,91.8,4.86,4.36
"Vizcaino, Arodys",ATL,43,38.7,0,0,0.0,1.92,11.64,6.05,0.70,0.365,73.3,97.4,4.42,3.71
"Cabrera, Mauricio",ATL,41,38.3,0,0,0.0,1.68,7.51,4.46,0.00,0.289,76.0,100.1,2.82,3.07
"Withrow, Chris",ATL,46,37.7,0,0,0.0,1.65,6.69,4.06,1.19,0.235,75.6,93.6,3.58,4.84
"Weber, Ryan",ATL,16,36.3,2,0,0.0,4.60,5.70,1.24,1.73,0.329,65.9,90.7,5.45,4.87
"Cervenka, Hunter",ATL,50,34.0,0,0,0.0,1.52,9.26,6.09,0.53,0.228,75.6,92.7,3.18,4.00
"Ramirez, Jose",ATL,33,32.7,0,0,0.0,1.83,9.09,4.96,0.55,0.289,73.8,0.0,3.58,3.68
"Harrell, Lucas",ATL,5,29.3,5,3,60.0,1.75,6.44,3.68,0.31,0.280,72.2,91.5,3.38,3.48
"O'Flaherty, Eric",ATL,39,28.7,0,0,0.0,2.00,6.91,3.45,0.94,0.380,59.6,90.6,6.91,4.22
"Chacin, Jhoulys",ATL,5,26.7,5,1,20.0,3.38,9.11,2.70,1.35,0.342,63.6,90.8,5.40,4.06
"Whalen, Rob",ATL,5,24.7,5,2,40.0,2.08,9.12,4.38,1.46,0.264,50.0,89.2,6.57,4.79
"Kelly, Casey",ATL,10,21.7,1,0,0.0,1.00,2.91,2.91,0.42,0.349,63.9,90.0,5.82,4.16
"Roe, Chaz",ATL,21,20.0,0,0,0.0,3.71,11.70,3.15,0.00,0.315,61.9,92.6,3.60,1.69
"Collmenter, Josh",ATL,3,19.0,3,2,66.7,3.20,7.58,2.37,1.42,0.242,88.2,84.3,2.37,4.38
"Cunniff, Brandon",ATL,15,17.0,0,0,0.0,1.78,8.47,4.76,1.06,0.273,71.4,92.6,4.24,4.49
"Grilli, Jason",ATL,21,17.0,0,0,0.0,1.77,12.18,6.88,1.06,0.360,70.4,92.4,5.29,4.39
"Alvarez, Dario",ATL,16,15.0,0,0,0.0,5.60,16.80,3.00,1.80,0.359,84.6,93.1,3.00,3.10
"Bradley, Jed",ATL,6,7.0,0,0,0.0,0.67,5.14,7.71,0.00,0.308,69.2,89.5,5.14,4.71
"Younginer, Madison",ATL,8,7.0,0,0,0.0,1.00,5.14,5.14,0.00,0.433,68.8,94.2,6.43,3.83
"Simmons, Shae",ATL,7,6.7,0,0,0.0,0.00,4.05,0.00,0.00,0.275,83.3,95.9,1.35,2.30
"Marksberry, Matt",ATL,4,3.3,0,0,0.0,2.00,5.40,2.70,2.70,0.351,80.0,92.0,5.40,6.83
"Gausman, Kevin",BAL,30,179.7,30,18,60.0,3.70,8.72,2.35,1.40,0.318,78.2,94.7,3.61,4.10
"Tillman, Chris",BAL,30,172.0,30,16,53.3,2.12,7.33,3.45,0.99,0.283,73.8,91.7,3.77,4.20
"Jimenez, Ubaldo",BAL,29,142.3,25,9,36.0,1.74,7.90,4.55,1.01,0.327,66.0,89.9,5.44,4.47
"Gallardo, Yovani",BAL,23,118.0,23,8,34.8,1.39,6.48,4.65,1.22,0.307,67.8,89.5,5.42,5.12
"Bundy, Dylan",BAL,36,109.7,14,3,21.4,2.48,8.53,3.45,1.48,0.307,76.7,93.8,4.02,4.62
"Wilson, Tyler",BAL,24,94.0,13,6,46.2,2.29,5.27,2.30,1.44,0.311,66.4,89.6,5.27,4.90
"Worley, Vance",BAL,35,86.7,4,1,25.0,1.60,5.82,3.63,1.14,0.279,78.7,89.2,3.53,4.81
"Brach, Brad",BAL,71,79.0,0,0,0.0,3.68,10.48,2.85,0.80,0.277,85.3,94.5,2.05,3.00
"Givens, Mychal",BAL,66,74.7,0,0,0.0,2.67,11.57,4.34,0.72,0.316,77.5,94.3,3.13,3.17
"Wright, Mike",BAL,18,74.7,12,4,33.3,1.92,6.03,3.13,1.45,0.301,62.1,93.1,5.79,5.03
"Britton, Zach",BAL,69,67.0,0,0,0.0,4.11,9.94,2.42,0.13,0.244,94.5,96.3,0.54,2.02
"Miley, Wade",BAL,11,54.0,11,4,36.4,3.67,9.17,2.50,1.17,0.393,61.5,90.3,6.17,3.71
"O'Day, Darren",BAL,34,31.0,0,0,0.0,2.92,11.03,3.77,1.74,0.278,78.1,86.2,3.77,4.56
"Despaigne, Odrisamer",BAL,16,27.3,0,0,0.0,1.13,5.60,4.94,0.99,0.326,68.2,92.7,5.60,5.08
"McFarland, T.J.",BAL,16,24.7,0,0,0.0,0.70,2.55,3.65,1.09,0.324,60.0,91.8,6.93,5.47
"Hart, Donnie",BAL,22,18.3,0,0,0.0,2.00,5.89,2.95,0.49,0.217,100.0,87.7,0.49,3.61
"Drake, Oliver",BAL,14,18.0,0,0,0.0,3.00,10.50,3.50,1.00,0.232,62.5,90.3,4.00,3.52
"Duensing, Brian",BAL,14,13.3,0,0,0.0,3.33,6.75,2.03,1.35,0.285,71.4,91.9,4.05,4.35
"Hunter, Tommy",BAL,12,12.3,0,0,0.0,2.00,4.38,2.19,0.00,0.327,82.4,94.5,2.19,2.98
"Roe, Chaz",BAL,9,9.7,0,0,0.0,1.57,10.24,6.52,1.86,0.270,84.6,92.6,3.72,5.86
"Ondrusek, Logan",BAL,7,6.3,0,0,0.0,1.33,5.68,4.26,1.42,0.366,45.5,92.9,9.95,5.46
"Matusz, Brian",BAL,7,6.0,0,0,0.0,0.14,1.50,10.50,4.50,0.334,66.7,89.5,12.00,12.98
"Tolliver, Ashur",BAL,5,4.7,0,0,0.0,1.67,9.64,5.79,1.93,0.329,71.4,92.9,5.79,5.84
"Bridwell, Parker",BAL,2,3.3,0,0,0.0,3.00,8.10,2.70,5.40,0.319,25.0,91.6,13.50,10.13
"Price, David",BOS,35,230.0,35,22,62.9,4.56,8.92,1.96,1.17,0.319,70.9,92.9,3.99,3.59
"Porcello, Rick",BOS,33,223.0,33,26,78.8,5.91,7.63,1.29,0.93,0.279,72.8,90.2,3.15,3.29
"Wright, Steven",BOS,24,156.7,24,15,62.5,2.23,7.30,3.27,0.69,0.286,74.9,83.2,3.33,3.70
"Buchholz, Clay",BOS,37,139.3,21,9,42.9,1.69,6.01,3.55,1.36,0.267,67.7,92.1,4.78,5.05
"Rodriguez, Eduardo",BOS,20,107.0,20,8,40.0,2.50,8.41,3.36,1.35,0.291,67.5,93.5,4.71,4.43
"Pomeranz, Drew",BOS,14,68.7,13,5,38.5,2.96,9.31,3.15,1.83,0.313,73.8,90.3,4.59,4.87
"Barnes, Matt",BOS,62,66.7,0,0,0.0,2.29,9.59,4.19,0.81,0.324,72.4,96.8,4.05,3.68
"Ross, Robbie",BOS,54,55.3,0,0,0.0,2.43,9.11,3.74,0.33,0.310,73.5,93.6,3.25,2.93
"Kimbrel, Craig",BOS,57,53.0,0,0,0.0,2.77,14.09,5.09,0.68,0.265,70.4,97.3,3.40,2.80
"Hembree, Heath",BOS,38,51.0,0,0,0.0,2.76,8.29,3.00,1.06,0.317,85.5,93.9,2.65,3.92
"Tazawa, Junichi",BOS,53,49.7,0,0,0.0,3.86,9.79,2.54,1.63,0.306,73.1,92.8,4.17,4.26
"Uehara, Koji",BOS,50,47.0,0,0,0.0,5.73,12.06,2.11,1.53,0.272,73.0,86.7,3.45,3.46
"Kelly, Joe",BOS,20,40.0,6,1,16.7,2.00,10.80,5.40,1.13,0.376,71.4,96.3,5.18,4.29
"Ziegler, Brad",BOS,33,29.7,0,0,0.0,2.82,9.40,3.34,0.30,0.322,88.9,83.9,1.52,2.70
"Layne, Tom",BOS,34,28.7,0,0,0.0,1.79,7.85,4.40,0.31,0.318,72.5,90.0,3.77,3.42
"Owens, Henry",BOS,5,22.0,5,1,20.0,1.05,8.59,8.18,2.05,0.305,68.4,0.0,6.95,7.06
"Ramirez, Noe",BOS,14,13.0,0,0,0.0,1.88,10.38,5.54,2.77,0.357,75.0,89.7,6.23,6.80
"Abad, Fernando",BOS,18,12.7,0,0,0.0,1.50,8.53,5.68,1.42,0.317,63.2,91.4,6.39,5.32
"Elias, Roenis",BOS,3,7.7,1,0,0.0,0.60,3.52,5.87,2.35,0.411,50.0,92.6,12.91,7.83
"Scott, Robby",BOS,7,6.0,0,0,0.0,2.50,7.50,3.00,0.00,0.335,100.0,87.0,0.00,2.57
"Cuevas, William",BOS,3,5.0,0,0,0.0,0.50,5.40,10.80,0.00,0.311,81.8,90.1,3.60,5.72
"Lester, Jon",CHC,32,202.7,32,26,81.3,3.79,8.75,2.31,0.93,0.262,81.6,92.1,2.44,3.40
"Arrieta, Jake",CHC,31,197.3,31,17,54.8,2.50,8.67,3.47,0.73,0.250,73.7,93.7,3.10,3.52
"Hendricks, Kyle",CHC,31,190.0,30,20,66.7,3.86,8.05,2.08,0.71,0.258,82.5,87.8,2.13,3.15
"Lackey, John",CHC,29,188.3,29,20,69.0,3.40,8.60,2.53,1.10,0.259,73.3,91.7,3.35,3.75
"Hammel, Jason",CHC,30,166.7,30,16,53.3,2.72,7.78,2.86,1.35,0.274,73.9,92.1,3.83,4.41
"Cahill, Trevor",CHC,50,65.7,1,0,0.0,1.89,9.05,4.80,0.96,0.261,83.1,92.0,2.74,4.23
"Wood, Travis",CHC,77,61.0,0,0,0.0,1.96,6.93,3.54,1.18,0.228,80.3,90.5,2.95,4.58
"Grimm, Justin",CHC,68,52.7,0,0,0.0,2.83,11.11,3.93,0.85,0.335,70.8,94.2,4.10,3.32
"Rondon, Hector",CHC,54,51.0,0,0,0.0,7.25,10.24,1.41,1.41,0.284,71.4,96.0,3.53,3.45
"Strop, Pedro",CHC,54,47.3,0,0,0.0,4.00,11.41,2.85,0.76,0.238,71.1,94.9,2.85,2.75
"Montgomery, Mike",CHC,17,38.3,5,1,20.0,1.90,8.92,4.70,1.17,0.263,84.4,93.6,2.82,4.53
"Edwards Jr., Carl",CHC,36,36.0,0,0,0.0,3.71,13.00,3.50,1.00,0.182,56.0,95.2,3.75,2.96
"Warren, Adam",CHC,29,35.0,1,0,0.0,1.42,6.94,4.89,1.80,0.251,62.8,92.8,5.91,5.94
"Chapman, Aroldis",CHC,28,26.7,0,0,0.0,4.60,15.53,3.38,0.00,0.291,86.4,100.4,1.01,0.91
"Zastryzny, Rob",CHC,8,16.0,1,0,0.0,3.40,9.56,2.81,0.00,0.299,88.2,89.7,1.13,2.04
"Smith, Joe",CHC,16,14.3,0,0,0.0,3.00,9.42,3.14,2.51,0.216,100.0,88.3,2.51,5.82
"Richard, Clayton",CHC,25,14.0,0,0,0.0,1.00,4.50,4.50,0.00,0.415,66.7,90.8,6.43,3.75
"Pena, Felix",CHC,11,9.0,0,0,0.0,4.33,13.00,3.00,1.00,0.244,57.1,93.5,4.00,2.79
"Ramirez, Neil",CHC,8,7.7,0,0,0.0,1.25,11.74,9.39,1.17,0.256,75.0,92.0,4.70,5.52
"Buchanan, Jake",CHC,2,6.0,1,0,0.0,4.00,6.00,1.50,1.50,0.134,100.0,89.4,1.50,4.55
"Matusz, Brian",CHC,1,3.0,1,0,0.0,1.00,6.00,6.00,9.00,0.317,40.0,89.5,18.00,16.93
"Straily, Dan",CIN,34,191.3,31,20,64.5,2.22,7.62,3.43,1.46,0.246,75.0,89.3,3.76,4.80
"Finnegan, Brandon",CIN,31,172.0,31,15,48.4,1.73,7.59,4.40,1.52,0.262,77.1,91.7,3.98,5.22
"DeSclafani, Anthony",CIN,20,123.3,20,14,70.0,3.50,7.66,2.19,1.17,0.300,78.4,92.9,3.28,3.94
"Iglesias, Raisel",CIN,37,78.3,5,2,40.0,3.19,9.54,2.99,0.80,0.289,81.7,93.1,2.53,3.27
"Wood, Blake",CIN,70,76.7,0,0,0.0,2.13,9.51,4.46,1.06,0.318,75.2,96.0,3.99,4.15
"Lamb, John",CIN,14,70.0,14,5,35.7,1.87,7.46,3.99,1.80,0.334,64.4,89.4,6.43,5.52
"Adleman, Tim",CIN,13,69.7,13,5,38.5,2.35,6.07,2.58,1.68,0.254,74.6,90.8,4.00,5.17
"Cingrani, Tony",CIN,65,63.0,0,0,0.0,1.32,7.00,5.29,0.71,0.276,72.1,94.2,4.14,4.50
"Smith, Josh",CIN,32,59.7,2,0,0.0,1.85,7.24,3.92,1.66,0.277,72.2,90.7,4.68,5.34
"Lorenzen, Michael",CIN,35,50.0,0,0,0.0,3.69,8.64,2.34,0.90,0.279,77.6,96.2,2.88,3.39
"Reed, Cody",CIN,10,47.7,10,2,20.0,2.26,8.12,3.59,2.27,0.376,63.5,92.8,7.36,5.90
"Diaz, Jumbo",CIN,45,43.0,0,0,0.0,1.95,7.74,3.98,1.67,0.249,85.1,95.9,3.14,5.27
"Sampson, Keyvius",CIN,18,39.3,2,0,0.0,1.56,9.61,6.18,2.06,0.310,82.8,93.1,4.35,6.17
"Stephenson, Robert",CIN,8,37.0,8,1,12.5,1.63,7.54,4.62,2.19,0.304,68.6,93.2,6.08,6.28
"Ramirez, JC",CIN,27,32.3,0,0,0.0,3.11,7.79,2.51,1.95,0.307,56.8,96.5,6.40,5.15
"Bailey, Homer",CIN,6,23.0,6,1,16.7,3.86,10.57,2.74,0.78,0.466,62.5,92.7,6.65,2.93
"Moscot, Jon",CIN,5,21.3,5,0,0.0,1.00,4.22,4.22,4.22,0.242,65.4,90.7,8.02,9.81
"Hoover, J.J.",CIN,18,18.7,0,0,0.0,1.25,7.23,5.79,4.34,0.347,40.6,91.6,13.50,9.85
"Wright, Daniel",CIN,4,13.0,2,0,0.0,3.00,4.15,1.38,1.38,0.429,64.0,0.0,7.62,4.75
"Delabar, Steve",CIN,7,8.0,0,0,0.0,1.00,11.25,11.25,1.13,0.242,64.3,92.9,6.75,6.20
"Peralta, Wandy",CIN,10,7.3,0,0,0.0,0.71,6.14,8.59,1.23,0.389,64.7,95.2,8.59,6.57
"Diaz, Dayan",CIN,6,6.7,0,0,0.0,0.43,4.05,9.45,2.70,0.336,66.7,93.2,9.45,9.46
"De Los Santos, Abel",CIN,5,5.7,0,0,0.0,0.50,3.18,6.35,1.59,0.300,40.0,91.9,11.12,6.98
"Magill, Matt",CIN,5,4.3,0,0,0.0,0.20,2.08,10.38,2.08,0.263,77.8,92.8,6.23,9.32
"Kluber, Corey",CLE,32,215.0,32,22,68.8,3.98,9.50,2.39,0.92,0.281,74.1,92.5,3.14,3.24
"Bauer, Trevor",CLE,35,190.0,28,16,57.1,2.40,7.96,3.32,0.95,0.302,69.4,93.2,4.26,3.94
"Tomlin, Josh",CLE,30,174.0,29,17,58.6,5.90,6.10,1.03,1.86,0.288,71.3,87.7,4.40,4.89
"Carrasco, Carlos",CLE,25,146.3,25,14,56.0,4.41,9.23,2.09,1.29,0.301,77.6,93.8,3.32,3.74
"Salazar, Danny",CLE,25,137.3,25,10,40.0,2.56,10.55,4.13,1.05,0.317,74.4,94.7,3.87,3.79
"Otero, Dan",CLE,62,70.7,0,0,0.0,5.70,7.26,1.27,0.25,0.268,83.9,90.3,1.53,2.39
"Allen, Cody",CLE,67,68.0,0,0,0.0,3.22,11.51,3.57,1.06,0.240,81.7,94.2,2.51,3.40
"Shaw, Bryan",CLE,75,66.7,0,0,0.0,2.46,9.32,3.78,1.08,0.287,78.9,0.0,3.24,3.99
"Anderson, Cody",CLE,19,60.7,9,2,22.2,4.15,8.01,1.93,1.93,0.381,62.4,94.0,6.68,4.87
"Clevinger, Mike",CLE,17,53.0,10,0,0.0,1.72,8.49,4.92,1.36,0.297,67.6,93.4,5.26,4.97
"McAllister, Zach",CLE,53,52.3,2,0,0.0,2.35,9.29,3.96,1.03,0.334,80.0,94.2,3.44,3.99
"Miller, Andrew",CLE,26,29.0,0,0,0.0,23.00,14.28,0.62,0.93,0.235,84.6,94.5,1.55,1.59
"Hunter, Tommy",CLE,21,21.7,0,0,0.0,3.40,7.06,2.08,0.42,0.312,68.0,94.5,3.74,2.95
"Chamberlain, Joba",CLE,20,20.0,0,0,0.0,1.64,8.10,4.95,0.45,0.223,81.8,93.4,2.25,3.76
"Adams, Austin",CLE,19,18.3,0,0,0.0,2.43,8.35,3.44,2.45,0.388,48.3,0.0,9.82,6.07
"Crockett, Kyle",CLE,29,16.0,0,0,0.0,2.43,9.56,3.94,0.00,0.363,60.9,88.8,5.06,2.43
"Merritt, Ryan",CLE,4,11.0,1,0,0.0,0.00,4.91,0.00,0.00,0.193,66.7,87.4,1.64,2.11
"Armstrong, Shawn",CLE,10,10.7,0,0,0.0,1.40,5.91,4.22,0.84,0.257,84.6,92.5,2.53,4.56
"Colon, Joseph",CLE,11,10.0,0,0,0.0,1.43,9.00,6.30,1.80,0.355,64.7,94.5,7.20,5.97
"Garner, Perci",CLE,8,9.3,0,0,0.0,2.40,11.57,4.82,0.00,0.456,70.6,93.1,4.82,2.29
"Morimando, Shawn",CLE,2,4.7,0,0,0.0,1.00,9.64,9.64,3.86,0.462,66.7,90.5,11.57,9.95
"Detwiler, Ross",CLE,7,4.7,0,0,0.0,0.75,5.79,7.71,1.93,0.164,66.7,91.8,5.79,7.36
"Plutko, Adam",CLE,2,3.7,0,0,0.0,1.50,7.36,4.91,2.45,0.353,66.7,90.9,7.36,6.80
"Gorzelanny, Tom",CLE,7,3.0,0,0,0.0,0.80,12.00,15.00,3.00,0.402,25.0,91.1,21.00,10.03
"Bettis, Chad",COL,32,186.0,32,17,53.1,2.34,6.68,2.85,1.06,0.320,68.0,91.7,4.79,4.24
"Gray, Jon",COL,29,168.0,29,16,55.2,3.14,9.91,3.16,0.96,0.319,64.9,95.2,4.61,3.48
"Chatwood, Tyler",COL,27,158.0,27,14,51.9,1.67,6.66,3.99,0.85,0.287,73.8,92.2,3.87,4.33
"De La Rosa, Jorge",COL,27,134.0,24,10,41.7,1.71,7.25,4.23,1.54,0.332,70.1,90.1,5.51,5.28
"Anderson, Tyler",COL,19,114.3,19,12,63.2,3.54,7.79,2.20,0.94,0.324,75.6,90.9,3.54,3.59
"Rusin, Chris",COL,29,84.3,7,3,42.9,3.00,7.36,2.45,0.53,0.313,70.0,89.6,3.74,3.18
"Butler, Eddie",COL,17,64.0,9,3,33.3,2.24,6.61,2.95,1.83,0.357,60.0,92.9,7.17,5.39
"Lyles, Jordan",COL,40,58.7,5,1,20.0,1.14,4.91,4.30,0.61,0.328,63.4,92.9,5.83,4.48
"Estevez, Carlos",COL,63,55.0,0,0,0.0,2.11,9.65,4.58,0.98,0.314,63.9,97.3,5.24,4.05
"Logan, Boone",COL,66,46.3,0,0,0.0,2.85,11.07,3.88,0.78,0.238,65.1,93.1,3.69,3.20
"McGee, Jake",COL,57,45.7,0,0,0.0,2.38,7.49,3.15,1.77,0.341,76.2,93.1,4.73,5.18
"Miller, Justin",COL,40,42.7,0,0,0.0,2.25,9.49,4.22,1.27,0.369,67.2,93.2,5.70,4.37
"Qualls, Chad",COL,44,32.7,0,0,0.0,2.44,6.06,2.48,1.38,0.351,70.2,90.2,5.23,4.70
"Hoffman, Jeff",COL,8,31.3,6,1,16.7,1.29,6.32,4.88,2.01,0.311,78.7,94.0,4.88,6.38
"Ottavino, Adam",COL,34,27.0,0,0,0.0,5.00,11.67,2.33,1.00,0.267,77.3,93.8,2.67,2.86
"Oberg, Scott",COL,24,26.0,0,0,0.0,1.82,6.92,3.81,1.04,0.301,64.7,94.5,5.19,4.47
"Bergman, Christian",COL,15,24.7,1,0,0.0,3.67,8.03,2.19,2.55,0.402,57.9,89.5,8.39,5.86
"Motte, Jason",COL,30,23.7,0,0,0.0,3.00,9.13,3.04,2.28,0.340,76.7,93.5,4.94,5.52
"Marquez, German",COL,6,20.7,3,1,33.3,2.50,6.53,2.61,0.87,0.375,68.8,93.3,5.23,3.91
"Carasiti, Matthew",COL,19,15.7,0,0,0.0,1.55,9.77,6.32,0.57,0.469,57.1,0.0,9.19,4.04
"Castro, Miguel",COL,19,14.7,0,0,0.0,2.40,7.36,3.07,1.84,0.338,65.0,96.1,6.14,5.28
"Gurka, Jason",COL,6,9.7,0,0,0.0,3.50,6.52,1.86,0.93,0.425,47.1,90.3,9.31,3.74
"Sale, Chris",CWS,32,226.7,32,23,71.9,5.18,9.25,1.79,1.07,0.286,72.6,92.8,3.34,3.31
"Quintana, Jose",CWS,32,208.0,32,23,71.9,3.62,7.83,2.16,0.95,0.295,76.4,92.1,3.20,3.58
"Rodon, Carlos",CWS,28,165.0,28,17,60.7,3.11,9.16,2.95,1.25,0.340,75.4,93.4,4.04,3.99
"Gonzalez, Miguel",CWS,24,135.0,23,15,65.2,2.71,6.33,2.33,0.73,0.298,71.2,91.5,3.73,3.66
"Shields, James",CWS,22,114.3,22,10,45.5,1.42,6.14,4.33,2.44,0.306,66.3,90.4,6.77,6.85
"Jones, Nate",CWS,71,70.7,0,0,0.0,5.33,10.19,1.91,0.89,0.256,80.4,96.8,2.29,2.88
"Robertson, David",CWS,62,62.3,0,0,0.0,2.34,10.83,4.62,0.87,0.318,77.2,91.8,3.47,3.64
"Jennings, Dan",CWS,64,60.7,0,0,0.0,1.64,6.82,4.15,0.15,0.309,84.5,90.8,2.08,3.33
"Latos, Mat",CWS,11,60.3,11,5,45.5,1.28,4.77,3.73,1.49,0.277,73.1,90.2,4.62,5.58
"Albers, Matt",CWS,58,51.3,1,0,0.0,1.58,5.26,3.33,1.75,0.332,65.8,92.0,6.31,5.71
"Duke, Zach",CWS,53,37.7,0,0,0.0,2.63,10.04,3.82,0.48,0.311,80.0,89.7,2.63,2.98
"Ynoa, Michael",CWS,23,30.0,0,0,0.0,1.76,9.00,5.10,0.00,0.268,73.0,94.2,3.00,2.96
"Putnam, Zach",CWS,25,27.3,0,0,0.0,2.73,9.88,3.62,0.66,0.328,85.3,90.6,2.30,3.20
"Kahnle, Tommy",CWS,29,27.3,0,0,0.0,1.25,8.23,6.59,0.66,0.267,84.6,96.5,2.63,4.59
"Beck, Chris",CWS,25,25.3,0,0,0.0,1.18,7.11,6.04,1.07,0.352,66.7,94.2,6.39,5.24
"Turner, Jacob",CWS,18,24.7,2,0,0.0,1.13,6.57,5.84,1.82,0.352,70.5,94.8,6.57,6.39
"Danks, John",CWS,4,22.3,4,1,25.0,1.45,6.45,4.43,2.01,0.329,61.8,87.1,7.25,6.20
"Purke, Matt",CWS,12,18.0,0,0,0.0,1.25,7.50,6.00,0.00,0.359,65.6,92.4,5.50,3.60
"Fulmer, Carson",CWS,8,11.7,0,0,0.0,1.43,7.71,5.40,1.54,0.304,47.1,92.8,8.49,5.57
"Johnson, Erik",CWS,2,11.7,2,0,0.0,1.83,8.49,4.63,3.86,0.291,73.3,89.7,6.94,8.48
"Minaya, Juan",CWS,11,10.3,0,0,0.0,1.20,5.23,4.35,0.00,0.302,66.7,94.2,4.35,3.54
"Petricka, Jake",CWS,9,8.0,0,0,0.0,0.88,7.88,9.00,1.13,0.310,80.0,94.2,4.50,6.18
"Smith, Blake",CWS,5,4.3,0,0,0.0,0.00,2.08,0.00,2.08,0.348,66.7,92.8,6.23,5.74
"Verlander, Justin",DET,34,227.7,34,27,79.4,4.46,10.04,2.25,1.19,0.267,76.3,93.5,3.04,3.46
"Fulmer, Michael",DET,26,159.0,26,15,57.7,3.14,7.47,2.38,0.91,0.275,76.5,94.8,3.06,3.67
"Sanchez, Anibal",DET,35,153.3,26,6,23.1,2.55,7.92,3.11,1.76,0.322,63.9,91.1,5.87,5.05
"Pelfrey, Mike",DET,24,119.0,22,5,22.7,1.22,4.24,3.48,1.13,0.342,72.8,92.8,5.07,5.10
"Zimmermann, Jordan",DET,19,105.3,18,8,44.4,2.54,5.64,2.22,1.20,0.310,66.9,91.8,4.87,4.44
"Boyd, Matt",DET,20,97.3,18,6,33.3,2.83,7.58,2.68,1.57,0.294,70.6,91.2,4.53,4.71
"Wilson, Alex",DET,62,73.0,0,0,0.0,2.33,6.04,2.59,0.62,0.287,77.4,91.9,2.96,3.64
"Norris, Daniel",DET,14,69.3,13,4,30.8,3.23,9.22,2.86,1.30,0.343,81.6,93.1,3.38,4.01
"Greene, Shane",DET,50,60.3,3,1,33.3,2.68,8.80,3.28,0.45,0.331,53.2,94.0,5.82,3.02
"Wilson, Justin",DET,66,58.7,0,0,0.0,3.82,9.97,2.61,0.92,0.354,70.8,95.1,4.14,3.21
"Rodriguez, Francisco",DET,61,58.3,0,0,0.0,2.48,8.02,3.24,0.93,0.257,75.0,89.2,3.24,3.87
"Ryan, Kyle",DET,56,55.7,0,0,0.0,2.33,5.66,2.43,0.32,0.274,72.1,89.3,3.07,3.24
"Lowe, Mark",DET,54,49.3,0,0,0.0,2.33,8.94,3.83,2.19,0.333,59.1,92.4,7.11,5.70
"Rondon, Bruce",DET,37,36.3,0,0,0.0,3.75,11.15,2.97,1.24,0.239,76.7,97.2,2.97,3.54
"Farmer, Buck",DET,14,29.3,1,0,0.0,1.35,8.28,6.14,1.23,0.274,73.2,92.9,4.60,5.25
"Hardy, Blaine",DET,21,25.7,0,0,0.0,1.67,7.01,4.21,0.70,0.305,77.1,88.4,3.51,4.10
"VerHagen, Drew",DET,19,19.0,0,0,0.0,1.43,4.74,3.32,1.42,0.365,62.5,94.4,7.11,5.34
"Saupold, Warwick",DET,6,9.7,0,0,0.0,3.33,9.31,2.79,0.00,0.496,60.0,92.1,7.45,2.09
"Molleken, Dustin",DET,4,8.3,0,0,0.0,1.60,8.64,5.40,0.00,0.436,76.5,93.7,4.32,3.14
"Parnell, Bobby",DET,6,5.3,0,0,0.0,0.80,6.75,8.44,1.69,0.352,72.7,94.0,6.75,7.04
"Kensing, Logan",DET,3,4.7,0,0,0.0,0.50,1.93,3.86,0.00,0.397,90.0,90.4,1.93,4.10
"McHugh, Collin",HOU,33,184.7,33,16,48.5,3.28,8.63,2.63,1.22,0.345,72.8,90.2,4.34,3.95
"Fiers, Mike",HOU,31,168.7,30,14,46.7,3.19,7.15,2.24,1.39,0.320,71.4,89.6,4.48,4.39
"Keuchel, Dallas",HOU,26,168.0,26,16,61.5,3.00,7.71,2.57,1.07,0.310,66.8,88.6,4.55,3.92
"Devenski, Chris",HOU,48,108.3,5,2,40.0,5.20,8.64,1.66,0.33,0.271,76.8,92.4,2.16,2.33
"McCullers, Lance",HOU,14,81.0,14,6,42.9,2.36,11.78,5.00,0.56,0.380,80.0,93.9,3.22,3.11
"Giles, Ken",HOU,69,65.7,0,0,0.0,4.08,13.98,3.43,1.10,0.385,71.4,97.3,4.11,2.86
"Feliz, Michael",HOU,47,65.0,0,0,0.0,4.32,13.15,3.05,1.38,0.338,67.2,94.9,4.43,3.33
"Harris, Will",HOU,66,64.0,0,0,0.0,4.60,9.70,2.11,0.42,0.305,79.7,92.4,2.25,2.38
"Feldman, Scott",HOU,26,62.0,5,1,20.0,3.23,6.10,1.89,1.16,0.297,82.6,90.3,2.90,4.17
"Musgrove, Joe",HOU,11,62.0,10,5,50.0,3.44,7.98,2.32,1.31,0.294,71.2,91.7,4.06,4.11
"Gregerson, Luke",HOU,59,57.7,0,0,0.0,3.72,10.46,2.81,0.78,0.257,68.6,89.2,3.28,2.97
"Neshek, Pat",HOU,60,47.0,0,0,0.0,3.91,8.23,2.11,1.15,0.232,73.7,89.2,3.06,3.76
"Sipp, Tony",HOU,60,43.7,0,0,0.0,2.22,8.24,3.71,2.47,0.325,79.3,90.8,4.95,6.22
"Peacock, Brad",HOU,10,31.7,5,1,20.0,2.00,7.96,3.98,1.71,0.197,75.9,91.9,3.69,5.27
"Hoyt, James",HOU,22,22.0,0,0,0.0,3.11,11.45,3.68,2.05,0.244,70.0,93.5,4.50,4.88
"Fields, Josh",HOU,15,15.7,0,0,0.0,6.67,11.49,1.72,1.15,0.465,58.3,94.7,6.89,2.90
"Gustave, Jandel",HOU,14,15.3,0,0,0.0,4.00,9.39,2.35,1.17,0.288,73.3,97.1,3.52,3.62
"Rodgers, Brady",HOU,5,8.3,1,0,0.0,0.43,3.24,7.56,0.00,0.423,36.4,89.9,15.12,5.08
"Chapman, Kevin",HOU,9,8.0,0,0,0.0,1.50,6.75,4.50,0.00,0.475,57.9,90.7,9.00,3.25
"Paulino, David",HOU,3,7.0,1,0,0.0,0.67,2.57,3.86,0.00,0.253,55.6,92.1,5.14,3.96
"Kennedy, Ian",KC,33,195.7,33,15,45.5,2.79,8.46,3.04,1.52,0.276,77.2,92.2,3.68,4.56
"Volquez, Edinson",KC,34,189.3,34,14,41.2,1.83,6.61,3.61,1.09,0.329,66.7,93.2,5.37,4.56
"Duffy, Danny",KC,42,179.7,26,16,61.5,4.48,9.42,2.10,1.35,0.299,75.8,94.8,3.51,3.79
"Gee, Dillon",KC,33,125.0,14,4,28.6,2.41,6.41,2.66,1.73,0.316,74.2,89.5,4.68,5.19
"Young, Chris",KC,34,88.7,13,2,15.4,2.19,9.54,4.36,2.84,0.328,72.3,87.9,6.19,6.69
"Herrera, Kelvin",KC,72,72.0,0,0,0.0,7.17,10.75,1.50,0.75,0.303,74.6,97.1,2.75,2.41
"Soria, Joakim",KC,70,66.7,0,0,0.0,2.52,9.18,3.65,1.35,0.333,77.0,92.7,4.05,4.37
"Flynn, Brian",KC,36,55.3,1,0,0.0,1.91,7.16,3.74,0.81,0.228,80.4,92.6,2.60,4.07
"Moylan, Peter",KC,50,44.7,0,0,0.0,2.13,6.85,3.22,0.81,0.292,75.9,90.1,3.43,3.95
"Davis, Wade",KC,45,43.3,0,0,0.0,2.94,9.76,3.32,0.00,0.305,81.6,94.9,1.87,2.18
"Medlen, Kris",KC,6,24.3,6,1,16.7,0.90,6.66,7.40,0.74,0.356,60.4,90.7,7.77,5.34
"Strahm, Matthew",KC,21,22.0,0,0,0.0,2.73,12.27,4.50,0.00,0.289,87.5,0.0,1.23,2.02
"Alexander, Scott",KC,17,19.0,0,0,0.0,2.29,7.58,3.32,0.47,0.380,80.0,90.7,3.32,3.34
"Pounders, Brooks",KC,13,12.7,0,0,0.0,4.33,9.24,2.13,4.26,0.364,56.3,92.6,9.24,8.04
"Vargas, Jason",KC,3,12.0,3,0,0.0,3.67,8.25,2.25,0.75,0.235,80.0,86.2,2.25,3.23
"McCarthy, Kevin",KC,10,8.3,0,0,0.0,1.40,7.56,5.40,1.08,0.377,66.7,93.7,6.48,4.94
"Mills, Alec",KC,3,3.3,0,0,0.0,0.80,10.80,13.50,0.00,0.357,37.5,91.9,13.50,5.45
"Weaver, Jered",LAA,31,178.0,31,13,41.9,2.02,5.21,2.58,1.87,0.301,71.7,83.0,5.06,5.63
"Shoemaker, Matt",LAA,27,160.0,27,16,59.3,4.77,8.04,1.69,1.01,0.324,71.3,91.5,3.88,3.46
"Santiago, Hector",LAA,22,120.7,22,9,40.9,1.88,7.98,4.25,1.49,0.265,73.8,91.4,4.25,5.05
"Chacin, Jhoulys",LAA,29,117.3,17,6,35.3,1.96,7.06,3.61,0.77,0.323,68.3,90.8,4.68,3.98
"Nolasco, Ricky",LAA,11,73.0,11,6,54.5,3.40,6.29,1.85,0.99,0.262,74.3,90.4,3.21,3.86
"Tropeano, Nick",LAA,13,68.3,13,3,23.1,2.19,8.96,4.08,1.84,0.310,85.1,90.9,3.56,5.28
"Alvarez, Jose",LAA,64,57.3,0,0,0.0,3.40,8.01,2.35,0.63,0.377,78.0,90.6,3.45,3.14
"Salas, Fernando",LAA,58,56.3,0,0,0.0,2.37,7.19,3.04,1.44,0.274,69.4,91.1,4.47,4.72
"Morin, Michael",LAA,60,55.7,0,0,0.0,3.27,7.92,2.43,0.97,0.299,65.6,91.3,4.37,3.68
"Guerra, Deolis",LAA,44,53.3,0,0,0.0,5.14,6.08,1.18,1.01,0.287,75.5,90.4,3.21,3.72
"Skaggs, Tyler",LAA,10,49.7,10,4,40.0,2.17,9.06,4.17,0.91,0.338,73.9,92.8,4.17,3.93
"Ramirez, JC",LAA,43,46.3,0,0,0.0,2.38,6.02,2.53,0.97,0.271,80.0,96.5,2.91,4.13
"Bedrosian, Cam",LAA,45,40.3,0,0,0.0,3.64,11.38,3.12,0.22,0.316,90.7,95.3,1.12,2.07
"Smith, Joe",LAA,38,37.7,0,0,0.0,1.92,5.97,3.11,0.96,0.283,73.3,88.3,3.82,4.32
"Achter, A.J.",LAA,27,37.7,0,0,0.0,1.17,3.35,2.87,1.67,0.281,87.5,91.1,3.11,5.86
"Richards, Garrett",LAA,6,34.7,6,4,66.7,2.27,8.83,3.89,0.52,0.313,84.1,95.6,2.34,3.33
"Wright, Daniel",LAA,5,26.7,5,2,40.0,2.50,5.06,2.03,1.69,0.310,66.7,0.0,5.40,5.21
"Rasmus, Cory",LAA,19,24.7,1,0,0.0,1.06,6.20,5.84,1.46,0.285,67.6,91.8,5.84,5.94
"Valdez, Jose",LAA,25,23.3,0,0,0.0,1.38,8.49,6.17,1.54,0.229,75.9,0.0,4.24,5.67
"Street, Huston",LAA,26,22.3,0,0,0.0,1.17,5.64,4.84,2.01,0.347,71.1,88.2,6.45,6.52
"Meyer, Alex",LAA,5,21.7,5,0,0.0,1.85,9.97,5.40,0.83,0.288,67.9,95.2,4.57,4.04
"Oberholtzer, Brett",LAA,11,20.0,2,0,0.0,1.78,7.20,4.05,3.15,0.331,58.6,89.1,8.55,7.55
"Mahle, Greg",LAA,24,18.3,0,0,0.0,1.40,6.87,4.91,1.96,0.335,75.9,87.1,5.40,6.20
"Bailey, Andrew",LAA,12,11.3,0,0,0.0,4.00,6.35,1.59,0.79,0.250,80.0,92.1,2.38,3.48
"Ege, Cody",LAA,13,8.7,0,0,0.0,3.00,9.35,3.12,1.04,0.312,100.0,86.8,1.04,3.70
"Guerra, Javy",LAA,7,6.3,0,0,0.0,0.57,5.68,9.95,1.42,0.224,72.7,92.4,5.68,7.42
"Heaney, Andrew",LAA,1,6.0,1,0,0.0,0.00,10.50,0.00,3.00,0.335,60.0,90.8,6.00,5.20
"Maeda, Kenta",LAD,32,175.7,32,14,43.8,3.58,9.17,2.56,1.02,0.291,73.3,90.0,3.48,3.52
"Kershaw, Clayton",LAD,21,149.0,21,17,81.0,15.64,10.39,0.66,0.48,0.264,80.0,93.1,1.69,1.82
"Kazmir, Scott",LAD,26,136.3,26,9,34.6,2.58,8.85,3.43,1.39,0.309,70.7,91.4,4.56,4.42
"Stripling, Ross",LAD,22,100.0,14,4,28.6,2.47,6.66,2.70,0.90,0.293,70.7,90.5,3.96,3.95
"Blanton, Joe",LAD,75,80.0,0,0,0.0,3.08,9.00,2.93,0.79,0.248,79.7,91.2,2.48,3.35
"Urias, Julio",LAD,18,77.0,15,3,20.0,2.71,9.82,3.62,0.58,0.363,77.6,92.6,3.39,3.11
"Baez, Pedro",LAD,73,74.0,0,0,0.0,3.77,10.09,2.68,1.34,0.246,77.8,96.7,3.04,3.81
"Jansen, Kenley",LAD,71,68.7,0,0,0.0,9.45,13.63,1.44,0.52,0.257,76.2,93.6,1.83,1.42
"Wood, Alex",LAD,14,60.3,10,5,50.0,3.30,9.85,2.98,0.75,0.329,71.8,90.6,3.73,3.12
"Howell, J.P.",LAD,64,50.7,0,0,0.0,2.93,7.82,2.66,0.71,0.345,71.6,85.3,4.09,3.41
"Coleman, Louis",LAD,61,48.0,0,0,0.0,1.88,8.44,4.50,0.94,0.307,68.8,89.0,4.69,4.23
"Liberatore, Adam",LAD,58,42.7,0,0,0.0,2.76,9.91,3.59,0.42,0.304,71.4,91.7,3.38,2.84
"Norris, Bud",LAD,13,42.7,9,2,22.2,2.00,8.86,4.43,1.69,0.338,62.3,93.5,6.54,5.19
"Hatcher, Chris",LAD,37,40.7,0,0,0.0,2.05,9.52,4.65,1.77,0.309,67.9,95.8,5.53,5.24
"McCarthy, Brandon",LAD,10,40.0,9,2,22.2,1.69,9.90,5.85,0.45,0.282,62.3,92.1,4.95,3.67
"Hill, Rich",LAD,6,34.3,6,3,50.0,7.80,10.22,1.31,0.52,0.257,80.0,90.2,1.83,2.14
"Stewart, Brock",LAD,7,28.0,5,0,0.0,2.08,8.04,3.86,2.25,0.325,71.1,93.2,5.79,5.99
"Bolsinger, Michael",LAD,6,27.7,6,0,0.0,2.78,8.13,2.93,2.28,0.329,60.0,87.7,6.83,5.69
"Dayton, Grant",LAD,25,26.3,0,0,0.0,6.50,13.33,2.05,1.37,0.221,87.5,92.2,2.05,2.92
"Chavez, Jesse",LAD,23,25.7,0,0,0.0,2.63,7.36,2.81,1.05,0.327,72.7,93.2,4.21,4.05
"Fien, Casey",LAD,25,25.7,0,0,0.0,3.29,8.06,2.45,2.81,0.245,82.6,93.2,4.21,6.31
"Avilan, Luis",LAD,27,19.7,0,0,0.0,2.80,12.81,4.58,0.00,0.304,68.2,92.0,3.20,1.93
"Fields, Josh",LAD,22,19.3,0,0,0.0,2.75,10.24,3.72,0.93,0.356,84.6,94.7,2.79,3.55
"De Leon, Jose",LAD,4,17.0,4,1,25.0,2.14,7.94,3.71,2.65,0.298,66.7,91.6,6.35,6.54
"Anderson, Brett",LAD,4,11.3,3,0,0.0,1.25,3.97,3.18,3.18,0.438,56.0,91.3,11.91,8.00
"Ravin, Josh",LAD,10,9.7,0,0,0.0,3.25,12.10,3.72,0.93,0.066,100.0,96.7,0.93,3.14
"Garcia, Yimi",LAD,9,8.3,0,0,0.0,4.00,4.32,1.08,0.00,0.316,70.0,92.8,3.24,2.61
"Ryu, Hyun-Jin",LAD,1,4.7,1,0,0.0,2.00,7.71,3.86,1.93,0.433,44.4,89.8,11.57,5.60
"Frias, Carlos",LAD,1,4.0,0,0,0.0,3.00,6.75,2.25,0.00,0.195,100.0,92.2,0.00,2.48
"Tepesch, Nick",LAD,1,4.0,1,0,0.0,0.00,6.75,0.00,2.25,0.420,33.3,87.1,11.25,4.95
"Koehler, Tom",MIA,33,176.7,33,16,48.5,1.77,7.49,4.23,1.12,0.305,73.4,91.9,4.33,4.61
"Conley, Adam",MIA,25,133.3,25,9,36.0,2.00,8.37,4.19,0.88,0.308,74.7,91.0,3.85,4.05
"Chen, Wei-Yin",MIA,22,123.3,22,9,40.9,4.17,7.30,1.75,1.61,0.311,66.2,90.7,4.96,4.50
"Phelps, David",MIA,64,86.7,5,1,20.0,3.00,11.84,3.95,0.62,0.297,82.8,93.5,2.28,2.83
"Urena, Jose",MIA,28,83.7,12,4,33.3,2.00,6.24,3.12,1.18,0.310,57.8,94.9,6.13,4.60
"Nicolino, Justin",MIA,18,79.3,13,3,23.1,1.85,4.20,2.27,0.91,0.320,66.7,89.2,4.99,4.36
"Barraclough, Kyle",MIA,75,72.7,0,0,0.0,2.57,14.00,5.45,0.12,0.324,75.0,95.6,2.85,2.15
"McGowan, Dustin",MIA,55,67.0,0,0,0.0,1.91,8.46,4.43,0.94,0.250,81.3,94.8,2.82,4.20
"Ramos, A.J.",MIA,67,64.0,0,0,0.0,2.09,10.27,4.92,0.14,0.322,77.9,91.9,2.81,2.82
"Cashner, Andrew",MIA,12,52.7,11,2,18.2,1.50,7.69,5.13,1.03,0.351,66.3,93.6,5.98,4.74
"Wittgren, Nick",MIA,48,51.7,0,0,0.0,4.20,7.32,1.74,1.05,0.298,77.8,92.2,3.14,3.68
"Dunn, Mike",MIA,51,42.3,0,0,0.0,3.45,8.08,2.34,1.06,0.318,77.6,93.6,3.40,3.75
"Rodney, Fernando",MIA,39,36.7,0,0,0.0,1.64,10.06,6.14,1.23,0.366,68.9,94.5,5.89,4.85
"Ellington, Brian",MIA,32,33.0,0,0,0.0,2.00,8.73,4.36,0.55,0.290,82.9,98.0,2.45,3.55
"Cosart, Jarred",MIA,4,19.7,4,0,0.0,0.69,5.03,7.32,0.00,0.299,62.9,92.3,5.95,4.60
"Morris, Bryan",MIA,24,17.7,0,0,0.0,1.30,6.62,5.09,2.04,0.230,90.5,93.0,3.06,6.43
"Ogando, Nefi",MIA,14,15.7,0,0,0.0,1.00,4.60,4.60,0.00,0.217,77.8,95.0,2.30,3.76
"Brice, Austin",MIA,15,14.0,0,0,0.0,2.80,9.00,3.21,1.29,0.216,25.0,94.1,7.07,4.16
"Breslow, Craig",MIA,15,14.0,0,0,0.0,1.75,4.50,2.57,0.64,0.381,75.0,89.5,4.50,4.01
"Esch, Jake",MIA,3,13.0,3,0,0.0,1.67,6.92,4.15,2.77,0.328,78.9,90.0,5.54,7.09
"Clemens, Paul",MIA,2,10.0,2,0,0.0,0.75,5.40,7.20,4.50,0.213,85.7,91.7,6.30,10.98
"Cervenka, Hunter",MIA,18,9.3,0,0,0.0,1.40,6.75,4.82,0.96,0.341,73.3,92.7,4.82,4.75
"Narveson, Chris",MIA,6,8.3,0,0,0.0,3.00,6.48,2.16,3.24,0.286,44.4,88.9,8.64,7.18
"Rea, Colin",MIA,1,3.3,1,0,0.0,0.00,10.80,0.00,0.00,0.156,100.0,91.9,0.00,0.80
"Ege, Cody",MIA,5,3.0,0,0,0.0,1.00,6.00,6.00,3.00,0.520,66.7,86.8,12.00,8.27
"Despaigne, Odrisamer",MIA,3,3.0,0,0,0.0,0.00,0.00,3.00,0.00,0.321,40.0,92.7,9.00,4.23
"Nelson, Jimmy",MIL,32,179.3,32,13,40.6,1.63,7.03,4.32,1.25,0.306,72.9,93.1,4.62,4.94
"Davies, Zach",MIL,28,163.3,28,15,53.6,3.55,7.44,2.09,1.10,0.310,71.7,89.3,3.97,3.86
"Anderson, Chase",MIL,31,151.7,30,6,20.0,2.26,7.12,3.15,1.66,0.292,74.4,91.1,4.39,5.10
"Peralta, Wily",MIL,23,127.7,23,9,39.1,2.16,6.56,3.03,1.34,0.332,71.6,94.8,4.86,4.72
"Guerra, Junior",MIL,20,121.7,20,12,60.0,2.33,7.40,3.18,0.74,0.257,78.0,93.1,2.81,3.72
"Garza, Matt",MIL,19,101.7,19,7,36.8,1.94,6.20,3.19,0.97,0.328,71.8,92.2,4.51,4.33
"Torres, Carlos",MIL,72,82.3,0,0,0.0,2.60,8.53,3.28,0.87,0.270,80.5,92.1,2.73,3.70
"Thornburg, Tyler",MIL,67,67.0,0,0,0.0,3.60,12.09,3.36,0.81,0.244,82.5,94.1,2.15,2.83
"Boyer, Blaine",MIL,61,66.0,0,0,0.0,1.53,3.55,2.32,0.55,0.322,73.1,92.1,3.95,4.00
"Marinez, Jhan",MIL,43,58.7,0,0,0.0,2.24,7.21,3.22,0.46,0.325,76.9,94.7,3.22,3.37
"Jeffress, Jeremy",MIL,47,44.7,0,0,0.0,3.18,7.05,2.22,0.40,0.321,83.3,95.1,2.22,2.98
"Blazek, Michael",MIL,41,41.3,0,0,0.0,1.33,7.84,5.88,1.52,0.358,73.6,93.0,5.66,5.68
"Knebel, Corey",MIL,35,32.7,0,0,0.0,2.38,10.47,4.41,0.83,0.349,68.9,95.2,4.68,3.59
"Cravy, Tyler",MIL,20,28.3,2,0,0.0,1.83,6.99,3.81,0.95,0.237,80.0,91.3,2.86,4.34
"Jungmann, Taylor",MIL,8,26.7,6,0,0.0,1.06,6.07,5.74,1.35,0.313,55.8,89.5,7.76,5.78
"Barnes, Jacob",MIL,27,26.7,0,0,0.0,4.33,8.77,2.03,0.34,0.319,75.9,94.6,2.70,2.44
"Smith, Will",MIL,27,22.0,0,0,0.0,2.44,9.00,3.68,1.23,0.273,75.0,91.9,3.68,4.24
"Suter, Brent",MIL,14,21.7,2,0,0.0,3.00,6.23,2.08,1.25,0.323,81.5,83.8,3.32,4.33
"Scahill, Rob",MIL,16,18.3,0,0,0.0,4.67,6.87,1.47,0.49,0.285,77.8,93.2,2.45,2.89
"Goforth, David",MIL,10,10.7,0,0,0.0,2.25,7.59,3.37,2.53,0.416,47.4,93.0,10.97,6.33
"Freeman, Sam",MIL,7,7.7,0,0,0.0,0.89,9.39,10.57,2.35,0.447,55.0,94.1,12.91,8.14
"Magnifico, Damien",MIL,3,3.0,0,0,0.0,0.00,0.00,9.00,0.00,0.191,60.0,96.7,6.00,6.30
"Rowen, Ben",MIL,4,3.0,0,0,0.0,0.00,6.00,0.00,0.00,0.608,50.0,80.0,15.00,1.87
"Santana, Ervin",MIN,30,181.3,30,17,56.7,2.81,7.40,2.63,0.94,0.291,75.7,92.7,3.38,3.82
"Gibson, Kyle",MIN,25,147.3,25,8,32.0,1.89,6.35,3.36,1.22,0.332,70.0,91.0,5.07,4.71
"Duffey, Tyler",MIN,26,133.0,26,8,30.8,3.56,7.71,2.17,1.69,0.352,59.8,90.4,6.43,4.68
"Nolasco, Ricky",MIN,21,124.7,21,10,47.6,3.21,6.71,2.09,1.30,0.319,64.7,90.4,5.13,4.31
"Pressly, Ryan",MIN,72,75.3,0,0,0.0,2.91,8.00,2.75,0.96,0.328,75.5,95.1,3.70,3.75
"Tonkin, Michael",MIN,65,71.7,0,0,0.0,3.33,10.05,3.01,1.63,0.354,70.3,93.9,5.02,4.36
"Milone, Tommy",MIN,19,69.3,12,2,16.7,2.23,6.36,2.86,1.95,0.320,68.1,87.6,5.71,5.58
"Rogers, Taylor",MIN,57,61.3,0,0,0.0,4.00,9.39,2.35,1.03,0.339,72.2,92.6,3.96,3.41
"Santiago, Hector",MIN,11,61.3,11,4,36.4,1.68,5.43,3.23,1.91,0.277,66.2,91.4,5.58,5.86
"Hughes, Phil",MIN,12,59.0,11,6,54.5,2.62,5.19,1.98,1.68,0.329,64.1,90.5,5.95,5.15
"Berrios, Jose",MIN,14,58.3,14,1,7.1,1.40,7.56,5.40,1.85,0.349,58.8,93.3,8.02,6.05
"Kintzler, Brandon",MIN,54,54.3,0,0,0.0,4.38,5.80,1.33,0.83,0.314,77.4,92.7,3.15,3.56
"May, Trevor",MIN,44,42.7,0,0,0.0,3.53,12.66,3.59,1.48,0.347,63.3,93.9,5.27,3.76
"Boshers, Buddy",MIN,37,36.0,0,0,0.0,5.29,9.25,1.75,0.75,0.332,64.1,91.7,4.25,2.83
"Abad, Fernando",MIN,39,34.0,0,0,0.0,2.07,7.68,3.71,0.53,0.272,79.5,91.4,2.65,3.54
"Jepsen, Kevin",MIN,33,30.7,0,0,0.0,1.83,6.46,3.52,2.05,0.352,70.2,93.6,6.16,5.95
"O'Rourke, Ryan",MIN,26,25.0,0,0,0.0,2.40,8.64,3.60,1.08,0.244,68.0,89.7,3.96,4.08
"Chargois, J.T.",MIN,25,23.0,0,0,0.0,1.42,6.65,4.70,0.00,0.343,67.6,96.2,4.70,3.34
"Wimmers, Alex",MIN,16,17.3,0,0,0.0,1.27,7.27,5.71,1.04,0.256,73.9,91.6,4.15,5.05
"Albers, Andrew",MIN,6,17.0,2,0,0.0,2.67,8.47,3.18,2.65,0.408,78.6,87.3,5.82,6.24
"Ramirez, Neil",MIN,8,14.7,0,0,0.0,1.10,6.75,6.14,3.07,0.248,75.0,92.0,6.14,8.25
"Light, Pat",MIN,15,14.0,0,0,0.0,0.93,9.00,9.64,1.29,0.338,57.1,94.6,9.00,6.38
"Fien, Casey",MIN,14,13.7,0,0,0.0,4.00,7.90,1.98,3.29,0.376,63.2,93.2,7.90,6.88
"Meyer, Alex",MIN,2,3.7,1,0,0.0,1.25,12.27,9.82,2.45,0.567,63.6,95.2,12.27,7.40
"Colon, Bartolo",NYM,34,191.7,33,19,57.6,4.00,6.01,1.50,1.13,0.299,76.4,87.9,3.43,4.01
"Syndergaard, Noah",NYM,31,183.7,30,20,66.7,5.07,10.68,2.11,0.54,0.344,79.0,98.0,2.60,2.33
"deGrom, Jacob",NYM,24,148.0,24,16,66.7,3.97,8.70,2.19,0.91,0.316,78.5,93.4,3.04,3.34
"Matz, Steven",NYM,22,132.3,22,14,63.6,4.16,8.77,2.11,0.95,0.320,75.3,93.7,3.40,3.35
"Harvey, Matt",NYM,17,92.7,17,7,41.2,3.04,7.38,2.43,0.78,0.357,67.2,94.5,4.86,3.52
"Verrett, Logan",NYM,35,91.7,12,4,33.3,1.53,6.48,4.22,1.57,0.304,70.9,90.2,5.20,5.48
"Robles, Hansel",NYM,68,77.7,0,0,0.0,2.36,9.85,4.17,0.81,0.316,76.5,95.3,3.48,3.62
"Familia, Jeurys",NYM,78,77.7,0,0,0.0,2.71,9.73,3.59,0.12,0.315,77.4,96.2,2.55,2.44
"Reed, Addison",NYM,80,77.7,0,0,0.0,7.00,10.55,1.51,0.46,0.304,81.2,92.4,1.97,2.05
"Lugo, Seth",NYM,17,64.0,8,4,50.0,2.14,6.33,2.95,0.98,0.237,81.0,92.2,2.67,4.23
"Gsellman, Robert",NYM,8,44.7,7,3,42.9,2.80,8.46,3.02,0.20,0.328,80.4,93.7,2.42,2.65
"Bastardo, Antonio",NYM,41,43.7,0,0,0.0,2.19,9.48,4.33,1.65,0.300,72.2,91.5,4.74,4.97
"Blevins, Jerry",NYM,73,42.0,0,0,0.0,3.47,11.14,3.21,0.86,0.325,80.9,89.0,2.79,3.07
"Goeddel, Erik",NYM,36,35.7,0,0,0.0,2.57,9.08,3.53,1.26,0.302,69.0,91.9,4.54,4.22
"Henderson, Jim",NYM,44,35.0,0,0,0.0,2.86,10.29,3.60,1.80,0.315,78.0,93.3,4.11,4.75
"Montero, Rafael",NYM,9,19.0,3,0,0.0,1.25,9.47,7.58,1.89,0.361,62.9,92.6,8.05,6.44
"Ynoa, Gabriel",NYM,10,18.3,3,0,0.0,2.43,8.35,3.44,0.00,0.428,60.6,93.6,6.38,2.53
"Gilmartin, Sean",NYM,14,17.7,1,0,0.0,1.57,5.60,3.57,2.04,0.305,58.3,87.9,7.13,6.13
"Salas, Fernando",NYM,17,17.3,0,0,0.0,0.00,9.87,0.00,1.56,0.211,87.5,91.1,2.08,3.26
"Smoker, Josh",NYM,20,15.3,0,0,0.0,6.25,14.67,2.35,2.35,0.397,75.0,95.4,4.70,4.14
"Niese, Jon",NYM,6,11.0,2,0,0.0,1.33,9.82,7.36,3.27,0.321,44.4,89.1,11.45,8.28
"Edgin, Josh",NYM,16,10.3,0,0,0.0,1.83,9.58,5.23,0.87,0.332,66.7,90.7,5.23,4.13
"Tanaka, Masahiro",NYY,31,199.7,31,19,61.3,4.58,7.44,1.62,0.99,0.283,76.2,90.6,3.07,3.54
"Sabathia, CC",NYY,30,179.7,30,16,53.3,2.34,7.61,3.26,1.10,0.297,74.0,90.0,3.91,4.22
"Pineda, Michael",NYY,32,175.7,32,11,34.4,3.91,10.61,2.72,1.38,0.353,68.1,94.1,4.82,3.78
"Eovaldi, Nathan",NYY,24,124.7,21,8,38.1,2.43,7.00,2.89,1.66,0.282,69.3,97.1,4.76,5.04
"Nova, Ivan",NYY,21,97.3,15,4,26.7,3.00,6.93,2.31,1.76,0.306,69.9,92.6,4.90,4.99
"Betances, Dellin",NYY,73,73.0,0,0,0.0,4.50,15.53,3.45,0.62,0.380,74.0,97.7,3.08,1.83
"Severino, Luis",NYY,22,71.0,11,2,18.2,2.64,8.37,3.17,1.39,0.333,62.0,96.1,5.83,4.45
"Cessa, Luis",NYY,17,70.3,9,5,55.6,3.29,5.89,1.79,2.05,0.240,71.0,94.6,4.35,5.47
"Green, Chad",NYY,12,45.7,8,3,37.5,3.47,10.25,2.96,2.36,0.325,76.9,0.0,4.73,5.36
"Miller, Andrew",NYY,44,45.3,0,0,0.0,11.00,15.29,1.39,0.99,0.311,93.3,94.5,1.39,1.72
"Yates, Kirby",NYY,41,41.3,0,0,0.0,2.63,10.89,4.14,1.09,0.351,65.5,93.2,5.23,3.78
"Shreve, Chasen",NYY,37,33.0,0,0,0.0,2.54,9.00,3.55,2.18,0.259,67.6,91.6,5.18,5.57
"Chapman, Aroldis",NYY,31,31.3,0,0,0.0,5.50,12.64,2.30,0.57,0.289,80.8,100.4,2.01,2.01
"Swarzak, Anthony",NYY,26,31.0,0,0,0.0,4.43,9.00,2.03,2.90,0.242,64.0,93.4,5.52,6.09
"Warren, Adam",NYY,29,30.3,0,0,0.0,2.50,7.42,2.97,1.19,0.284,79.4,92.8,3.26,4.29
"Goody, Nick",NYY,27,29.0,0,0,0.0,2.83,10.55,3.72,2.17,0.325,77.1,90.9,4.66,5.28
"Clippard, Tyler",NYY,29,25.3,0,0,0.0,2.36,9.24,3.91,1.07,0.272,85.7,91.1,2.49,4.03
"Mitchell, Bryan",NYY,5,25.0,5,2,40.0,0.92,3.96,4.32,0.36,0.296,78.4,94.8,3.24,4.33
"Bleier, Richard",NYY,23,23.0,0,0,0.0,3.25,5.09,1.57,0.00,0.278,79.2,89.4,1.96,2.61
"Parker, Blake",NYY,16,16.3,0,0,0.0,1.88,8.27,4.41,0.55,0.326,65.2,92.2,4.96,3.68
"Layne, Tom",NYY,29,16.0,0,0,0.0,1.86,7.31,3.94,1.13,0.199,73.3,90.0,3.38,4.56
"Barbato, Johnny",NYY,13,13.0,0,0,0.0,3.00,10.38,3.46,1.38,0.337,43.8,94.6,7.62,4.08
"Holder, Jonathan",NYY,8,8.3,0,0,0.0,1.25,5.40,4.32,1.08,0.275,63.6,93.0,5.40,5.05
"Heller, Ben",NYY,10,7.0,0,0,0.0,1.50,7.71,5.14,3.86,0.368,83.3,95.5,6.43,8.83
"Pazos, James",NYY,7,3.3,0,0,0.0,3.00,8.10,2.70,5.40,0.439,50.0,95.4,13.50,10.13
"Graveman, Kendall",OAK,31,186.0,31,16,51.6,2.30,5.23,2.27,1.06,0.295,71.5,92.8,4.11,4.36
"Manaea, Sean",OAK,25,144.7,24,12,50.0,3.35,7.71,2.30,1.24,0.288,72.4,92.3,3.86,4.08
"Gray, Sonny",OAK,22,117.0,22,10,45.5,2.24,7.23,3.23,1.38,0.328,64.3,92.7,5.69,4.71
"Hill, Rich",OAK,14,76.0,14,10,71.4,3.21,10.66,3.32,0.24,0.299,79.0,90.2,2.25,2.32
"Dull, Ryan",OAK,70,74.3,0,0,0.0,4.87,8.84,1.82,1.21,0.226,81.8,90.8,2.42,3.61
"Mengden, Daniel",OAK,14,72.0,14,4,28.6,2.15,8.88,4.13,1.13,0.359,59.8,92.1,6.50,4.27
"Neal, Zach",OAK,24,70.0,6,2,33.3,4.50,3.47,0.77,1.16,0.270,65.2,89.8,4.24,4.37
"Axford, John",OAK,68,65.7,0,0,0.0,2.00,8.22,4.11,0.82,0.320,74.2,95.7,3.97,3.98
"Madson, Ryan",OAK,63,64.7,0,0,0.0,2.45,6.82,2.78,0.97,0.296,75.0,94.3,3.62,4.05
"Hendriks, Liam",OAK,53,64.7,0,0,0.0,5.07,9.88,1.95,0.84,0.361,72.7,94.1,3.76,2.88
"Triggs, Andrew",OAK,24,56.3,6,2,33.3,4.23,8.79,2.08,0.80,0.329,65.6,90.5,4.31,3.12
"Coulombe, Daniel",OAK,35,47.7,0,0,0.0,3.18,10.20,3.21,1.13,0.278,62.5,90.0,4.53,3.68
"Hahn, Jesse",OAK,9,46.3,9,4,44.4,1.21,4.47,3.69,1.55,0.313,66.2,93.9,6.02,5.72
"Detwiler, Ross",OAK,9,44.0,7,2,28.6,1.53,4.70,3.07,0.82,0.340,61.2,91.8,6.14,4.39
"Rodriguez, Fernando",OAK,34,40.7,0,0,0.0,2.18,8.19,3.76,0.66,0.258,63.6,92.9,4.20,3.64
"Doolittle, Sean",OAK,44,39.0,0,0,0.0,5.63,10.38,1.85,1.38,0.294,77.1,94.8,3.23,3.53
"Rzepczynski, Marc",OAK,56,36.0,0,0,0.0,1.54,9.25,6.00,0.25,0.364,82.0,91.3,3.00,3.57
"Cotton, Jharel",OAK,5,29.3,5,3,60.0,5.75,7.06,1.23,1.23,0.211,85.0,92.2,2.15,3.83
"Bassitt, Chris",OAK,5,28.0,5,2,40.0,1.64,7.39,4.50,1.61,0.349,68.2,92.6,6.11,5.43
"Smith, Chris",OAK,13,24.7,0,0,0.0,2.23,10.58,4.74,0.73,0.228,76.0,87.6,2.92,3.54
"Overton, Dillon",OAK,7,24.3,5,1,20.0,2.43,6.29,2.59,4.44,0.411,55.8,88.3,11.47,9.11
"Alcantara, Raul",OAK,5,22.3,5,0,0.0,3.50,5.64,1.61,3.63,0.310,65.4,93.1,7.25,7.74
"Wendelken, J.B.",OAK,8,12.7,0,0,0.0,1.33,8.53,6.39,2.13,0.387,54.2,92.9,9.95,6.59
"Schuster, Patrick",OAK,5,6.7,0,0,0.0,1.00,8.10,8.10,0.00,0.413,46.7,87.7,10.80,4.19
"Eickhoff, Jerad",PHI,33,197.3,33,20,60.6,3.98,7.62,1.92,1.37,0.287,74.9,91.0,3.65,4.14
"Hellickson, Jeremy",PHI,32,189.0,32,17,53.1,3.42,7.33,2.14,1.14,0.282,72.2,90.1,3.71,3.96
"Velasquez, Vince",PHI,24,131.0,24,9,37.5,3.38,10.44,3.09,1.44,0.332,74.5,93.7,4.12,4.03
"Morgan, Adam",PHI,23,113.3,21,8,38.1,3.28,7.54,2.30,1.83,0.344,63.9,90.7,6.04,4.96
"Nola, Aaron",PHI,20,111.0,20,11,55.0,4.17,9.81,2.35,0.81,0.356,63.7,90.1,4.78,3.00
"Neris, Hector",PHI,79,80.3,0,0,0.0,3.40,11.43,3.36,1.01,0.286,82.5,94.1,2.58,3.27
"Hernandez, David",PHI,70,72.7,0,0,0.0,2.50,9.91,3.96,1.36,0.346,79.6,94.0,3.84,4.33
"Gomez, Jeanmar",PHI,70,68.7,0,0,0.0,2.14,6.16,2.88,0.79,0.329,67.0,91.5,4.85,3.96
"Eflin, Zach",PHI,11,63.3,11,6,54.5,1.82,4.41,2.42,1.71,0.271,62.5,92.3,5.54,5.52
"Thompson, Jake",PHI,10,53.7,10,3,30.0,1.14,5.37,4.70,1.68,0.265,66.2,0.0,5.70,6.05
"Oberholtzer, Brett",PHI,26,50.3,0,0,0.0,1.90,6.79,3.58,1.97,0.311,76.1,89.1,4.83,5.76
"Ramos, Edubray",PHI,42,40.0,0,0,0.0,3.64,9.00,2.48,1.13,0.299,71.4,95.2,3.83,3.68
"Gonzalez, Severino",PHI,27,35.3,0,0,0.0,4.86,8.66,1.78,1.02,0.354,58.1,93.4,5.60,3.36
"Bailey, Andrew",PHI,33,32.3,0,0,0.0,2.20,9.19,4.18,1.67,0.309,58.5,92.1,6.40,5.01
"Murray, Colton",PHI,24,31.7,0,0,0.0,2.38,8.81,3.69,1.71,0.324,61.0,93.5,6.25,4.98
"Asher, Alec",PHI,5,27.7,5,3,60.0,3.25,4.23,1.30,0.33,0.244,76.0,89.5,2.28,3.18
"Mariot, Michael",PHI,25,21.7,0,0,0.0,1.64,9.55,5.82,2.08,0.254,66.7,92.9,5.82,6.08
"Morton, Charlie",PHI,4,17.3,4,2,50.0,2.38,9.87,4.15,0.52,0.319,68.2,94.3,4.15,3.19
"Garcia, Luis",PHI,17,15.3,0,0,0.0,1.75,8.22,4.70,1.17,0.394,66.7,96.5,6.46,4.69
"Hinojosa, Dalier",PHI,10,11.0,0,0,0.0,2.67,6.55,2.45,0.82,0.281,75.0,92.9,3.27,3.77
"Rodriguez, Joely",PHI,12,9.7,0,0,0.0,1.75,6.52,3.72,0.00,0.283,75.0,95.0,2.79,3.03
"Stumpf, Daniel",PHI,7,5.0,0,0,0.0,1.00,3.60,3.60,1.80,0.398,50.0,91.9,10.80,6.24
"Russell, James",PHI,7,4.3,0,0,0.0,0.80,8.31,10.38,4.15,0.460,41.7,89.6,18.69,10.93
"Locke, Jeff",PIT,30,127.3,19,9,47.4,1.66,5.16,3.11,1.20,0.319,66.3,91.5,5.44,4.86
"Nicasio, Juan",PIT,52,118.0,12,4,33.3,3.07,10.53,3.43,1.14,0.344,70.1,93.6,4.50,3.70
"Cole, Gerrit",PIT,21,116.0,21,11,52.4,2.72,7.60,2.79,0.54,0.351,73.1,95.2,3.88,3.26
"Liriano, Francisco",PIT,21,113.7,21,7,33.3,1.68,9.18,5.46,1.50,0.319,69.7,92.8,5.46,5.21
"Niese, Jon",PIT,23,110.0,18,7,38.9,2.00,6.22,3.11,1.72,0.322,73.8,89.1,4.91,5.37
"Taillon, Jameson",PIT,18,104.0,18,12,66.7,5.00,7.36,1.47,1.13,0.292,74.8,94.3,3.38,3.70
"Vogelsong, Ryan",PIT,24,82.3,14,3,21.4,1.53,6.67,4.37,1.20,0.287,69.7,90.1,4.81,4.96
"Kuhl, Chad",PIT,14,70.7,14,8,57.1,2.65,6.75,2.55,0.89,0.311,69.8,93.2,4.20,3.87
"Watson, Tony",PIT,70,67.7,0,0,0.0,2.90,7.71,2.66,1.33,0.240,79.0,93.2,3.06,4.32
"Nova, Ivan",PIT,11,64.7,11,6,54.5,17.33,7.24,0.42,0.56,0.329,73.1,92.6,3.06,2.54
"Hughes, Jared",PIT,67,59.3,0,0,0.0,1.55,5.16,3.34,0.91,0.296,82.1,93.0,3.03,4.52
"Feliz, Neftali",PIT,62,53.7,0,0,0.0,2.90,10.23,3.52,1.68,0.249,78.4,96.1,3.52,4.56
"Schugel, A.J.",PIT,36,52.0,0,0,0.0,3.54,7.96,2.25,0.69,0.269,66.0,92.3,3.63,3.21
"Melancon, Mark",PIT,45,41.7,0,0,0.0,4.22,8.21,1.94,0.43,0.267,86.8,91.8,1.51,2.67
"Brault, Steven",PIT,8,33.3,7,1,14.3,1.71,7.83,4.59,1.35,0.381,77.2,91.0,4.86,4.99
"Rivero, Felipe",PIT,28,27.3,0,0,0.0,2.17,12.84,5.93,0.99,0.344,81.6,95.8,3.29,3.81
"Lobstein, Kyle",PIT,14,25.0,0,0,0.0,1.25,5.40,4.32,0.72,0.293,74.3,87.5,3.96,4.53
"Bastardo, Antonio",PIT,28,24.0,0,0,0.0,2.55,10.50,4.13,1.13,0.287,70.4,91.5,4.13,3.91
"Glasnow, Tyler",PIT,7,23.3,4,0,0.0,1.85,9.26,5.01,0.77,0.324,72.7,93.6,4.24,3.98
"Scahill, Rob",PIT,15,16.3,0,0,0.0,2.17,7.16,3.31,0.55,0.340,69.6,93.2,4.41,3.54
"Williams, Trevor",PIT,7,12.7,1,0,0.0,2.20,7.82,3.55,2.84,0.378,65.0,92.8,7.82,6.79
"LeBlanc, Wade",PIT,8,12.0,0,0,0.0,5.00,7.50,1.50,0.00,0.227,88.9,86.9,0.75,2.05
"Hutchison, Drew",PIT,6,11.3,1,0,0.0,3.33,7.94,2.38,1.59,0.372,68.8,92.0,5.56,4.55
"Luebke, Cory",PIT,9,8.7,0,0,0.0,0.82,9.35,11.42,2.08,0.457,70.8,91.8,9.35,8.06
"Phillips, Zach",PIT,8,6.7,0,0,0.0,6.00,8.10,1.35,1.35,0.354,87.5,90.1,2.70,3.82
"Rondon, Jorge",PIT,2,3.7,0,0,0.0,4.00,9.82,2.45,2.45,0.558,33.3,96.7,17.18,5.41
"Marte, Kelvin",PIT,2,3.3,0,0,0.0,0.50,2.70,5.40,5.40,0.263,140.0,91.6,0.00,12.26
"Perdomo, Luis",SD,35,146.7,20,10,50.0,2.28,6.44,2.82,1.41,0.347,66.7,93.6,5.71,4.78
"Friedrich, Christian",SD,24,129.3,23,8,34.8,1.92,6.96,3.62,0.90,0.308,67.1,89.2,4.80,4.21
"Pomeranz, Drew",SD,17,102.0,17,11,64.7,2.80,10.15,3.62,0.71,0.255,80.0,90.3,2.47,3.21
"Rea, Colin",SD,19,99.3,18,7,38.9,1.73,6.89,3.99,1.09,0.304,67.7,91.9,4.98,4.61
"Hand, Brad",SD,82,89.3,0,0,0.0,3.08,11.18,3.63,0.81,0.281,76.9,92.8,2.92,3.13
"Cashner, Andrew",SD,16,79.3,16,8,50.0,2.23,7.60,3.40,1.47,0.299,70.1,93.6,4.76,4.81
"Maurer, Brandon",SD,71,69.7,0,0,0.0,3.13,9.30,2.97,0.90,0.318,65.4,95.3,4.52,3.46
"Shields, James",SD,11,67.3,11,8,72.7,2.11,7.62,3.61,1.20,0.311,73.6,90.4,4.28,4.49
"Buchter, Ryan",SD,67,63.0,0,0,0.0,2.52,11.14,4.43,0.57,0.231,73.8,92.3,2.86,3.07
"Clemens, Paul",SD,16,61.3,12,1,8.3,2.04,6.90,3.38,1.32,0.292,78.7,91.7,3.67,4.74
"Quackenbush, Kevin",SD,60,59.7,0,0,0.0,1.91,6.34,3.32,1.21,0.271,73.9,90.5,3.92,4.68
"Richard, Clayton",SD,11,53.7,9,5,55.6,1.42,5.70,4.02,0.67,0.315,85.9,90.8,2.52,4.29
"Cosart, Jarred",SD,9,37.3,9,1,11.1,1.17,6.51,5.54,0.96,0.327,65.6,92.3,6.03,5.06
"Dominguez, Jose",SD,34,35.7,0,0,0.0,1.18,5.05,4.29,1.26,0.265,67.4,96.1,5.05,5.38
"Vargas, Cesar",SD,7,34.0,7,2,28.6,1.87,7.41,3.97,1.32,0.347,72.5,89.4,5.03,4.83
"Rodney, Fernando",SD,28,28.7,0,0,0.0,2.75,10.36,3.77,0.00,0.214,96.0,94.5,0.31,2.20
"Campos, Leonel",SD,18,22.0,0,0,0.0,1.71,9.82,5.73,1.23,0.283,62.1,92.8,5.73,4.76
"Johnson, Erik",SD,4,19.7,4,0,0.0,2.00,4.58,2.29,4.12,0.336,60.7,89.7,9.15,8.92
"Hessler, Keith",SD,15,18.7,0,0,0.0,0.82,4.34,5.30,0.96,0.280,82.1,91.6,3.38,5.46
"Morrow, Brandon",SD,18,16.0,0,0,0.0,2.67,4.50,1.69,1.13,0.314,95.0,94.2,1.69,4.41
"Erlin, Robbie",SD,3,15.7,2,1,50.0,4.33,7.47,1.72,1.72,0.224,66.7,88.0,4.02,4.62
"Baumann, Buddy",SD,11,9.7,0,0,0.0,2.50,9.31,3.72,0.00,0.289,63.6,88.6,3.72,2.41
"Ross, Tyson",SD,1,5.3,1,0,0.0,5.00,8.44,1.69,0.00,0.473,30.0,92.4,11.81,1.91
"Smith, Jake",SD,4,4.0,0,0,0.0,3.00,6.75,2.25,2.25,0.326,80.0,91.8,4.50,5.73
"Torres, Jose",SD,4,3.0,0,0,0.0,1.50,9.00,6.00,0.00,0.355,100.0,94.6,0.00,3.27
"Iwakuma, Hisashi",SEA,33,199.0,33,19,57.6,3.20,6.65,2.08,1.27,0.314,73.3,87.8,4.12,4.27
"Hernandez, Felix",SEA,25,153.3,25,13,52.0,1.88,7.16,3.82,1.12,0.277,75.0,90.5,3.82,4.53
"Walker, Taijuan",SEA,25,134.3,25,9,36.0,3.22,7.97,2.48,1.81,0.282,74.1,93.9,4.22,4.90
"Paxton, James",SEA,20,121.0,20,10,50.0,4.88,8.70,1.79,0.67,0.358,71.8,96.8,3.79,2.85
"Miley, Wade",SEA,19,112.0,19,8,42.1,2.41,6.59,2.73,1.45,0.297,66.9,90.3,4.98,4.77
"Karns, Nathan",SEA,22,94.3,15,5,33.3,2.24,9.64,4.29,1.05,0.337,66.7,93.0,5.15,4.05
"Cishek, Steve",SEA,62,64.0,0,0,0.0,3.62,10.69,2.95,1.13,0.256,78.9,91.4,2.81,3.47
"Montgomery, Mike",SEA,32,61.7,2,1,50.0,3.00,7.88,2.63,0.44,0.277,79.7,93.6,2.34,2.99
"Vincent, Nick",SEA,60,60.3,0,0,0.0,4.33,9.70,2.24,1.64,0.285,75.4,89.9,3.73,4.19
"Nuno, Vidal",SEA,55,58.7,1,0,0.0,4.64,7.82,1.69,1.69,0.329,82.1,89.5,3.53,4.48
"Miranda, Ariel",SEA,11,56.0,10,4,40.0,2.22,6.43,2.89,1.93,0.208,79.6,92.6,3.54,5.55
"Diaz, Edwin",SEA,49,51.7,0,0,0.0,5.87,15.33,2.61,0.87,0.409,80.0,97.3,2.79,1.95
"LeBlanc, Wade",SEA,11,50.0,8,5,62.5,4.56,7.38,1.62,2.52,0.275,76.6,86.9,4.50,5.76
"Martin, Cody",SEA,9,25.7,2,0,0.0,1.67,5.26,3.16,1.75,0.286,81.3,88.3,3.86,5.65
"Wilhelmsen, Tom",SEA,29,25.0,0,0,0.0,1.70,6.12,3.60,1.44,0.252,78.6,94.8,3.60,5.16
"Benoit, Joaquin",SEA,26,24.3,0,0,0.0,1.87,10.36,5.55,1.48,0.283,67.7,94.2,5.18,4.95
"Storen, Drew",SEA,19,18.3,0,0,0.0,5.33,7.85,1.47,0.49,0.252,60.0,91.8,3.44,2.67
"Johnson, Steve",SEA,16,16.7,0,0,0.0,1.55,9.18,5.94,1.62,0.250,76.2,89.0,4.32,5.55
"Scribner, Evan",SEA,12,14.0,0,0,0.0,7.50,9.64,1.29,0.00,0.170,100.0,90.2,0.00,1.50
"Zych, Tony",SEA,12,13.7,0,0,0.0,2.10,13.83,6.59,0.00,0.363,75.0,95.3,3.29,2.40
"Venditte, Pat",SEA,7,13.3,0,0,0.0,1.71,8.10,4.73,2.70,0.260,68.8,84.1,6.08,6.93
"Altavilla, Dan",SEA,15,12.3,0,0,0.0,10.00,7.30,0.73,0.00,0.307,91.7,96.4,0.73,1.83
"Rollins, David",SEA,11,9.3,0,0,0.0,0.86,5.79,6.75,1.93,0.330,64.7,91.1,7.71,7.03
"Guaipe, Mayckol",SEA,5,7.3,0,0,0.0,1.25,6.14,4.91,0.00,0.338,66.7,92.4,4.91,3.53
"Sampson, Adrian",SEA,1,4.7,1,0,0.0,2.00,3.86,1.93,3.86,0.350,71.4,91.1,7.71,8.58
"Bumgarner, Madison",SF,34,226.7,34,25,73.5,4.65,9.97,2.14,1.03,0.283,79.2,90.9,2.74,3.22
"Cueto, Johnny",SF,32,219.7,32,22,68.8,4.40,8.11,1.84,0.61,0.299,76.4,91.5,2.79,2.92
"Samardzija, Jeff",SF,32,203.3,32,17,53.1,3.09,7.39,2.39,1.06,0.290,71.8,94.3,3.81,3.92
"Cain, Matt",SF,21,89.3,17,4,23.5,2.25,7.25,3.22,1.61,0.326,66.4,90.3,5.64,5.03
"Suarez, Albert",SF,22,84.0,12,2,16.7,2.08,5.79,2.79,1.18,0.285,70.7,92.0,4.29,4.58
"Moore, Matt",SF,12,68.3,12,6,50.0,2.16,9.09,4.21,0.66,0.304,69.8,92.8,4.08,3.58
"Strickland, Hunter",SF,72,61.0,0,0,0.0,3.00,8.41,2.80,0.59,0.286,73.8,96.8,3.10,3.15
"Casilla, Santiago",SF,62,58.0,0,0,0.0,3.42,10.09,2.95,1.24,0.299,75.4,93.6,3.57,3.77
"Law, Derek",SF,61,55.0,0,0,0.0,5.56,8.18,1.47,0.49,0.281,80.0,92.9,2.13,2.60
"Kontos, George",SF,57,53.3,0,0,0.0,1.75,5.91,3.38,0.51,0.253,79.7,91.0,2.53,3.78
"Gearrin, Cory",SF,56,48.3,0,0,0.0,3.21,8.38,2.61,0.74,0.294,63.5,91.6,4.28,3.31
"Osich, Josh",SF,59,36.3,0,0,0.0,1.32,6.19,4.71,1.73,0.237,72.1,95.5,4.71,5.95
"Romo, Sergio",SF,40,30.7,0,0,0.0,4.71,9.68,2.05,1.47,0.282,85.7,85.8,2.64,3.88
"Smith, Will",SF,26,18.3,0,0,0.0,2.89,12.76,4.42,0.00,0.336,72.7,91.9,2.95,1.89
"Blach, Ty",SF,4,17.0,2,1,50.0,2.00,5.29,2.65,0.53,0.156,91.7,91.1,1.06,3.70
"Okert, Steven",SF,16,14.0,0,0,0.0,3.50,9.00,2.57,1.29,0.320,81.3,92.2,3.21,3.94
"Stratton, Chris",SF,7,10.0,0,0,0.0,1.20,5.40,4.50,0.90,0.311,80.0,91.3,3.60,4.85
"Reynolds, Matt",SF,8,6.0,0,0,0.0,0.60,4.50,7.50,0.00,0.335,58.3,87.6,7.50,4.78
"Broadway, Mike",SF,4,5.3,0,0,0.0,4.00,6.75,1.69,3.38,0.388,37.5,93.3,11.81,7.16
"Heston, Chris",SF,4,5.0,0,0,0.0,0.50,5.40,10.80,0.00,0.448,60.0,87.3,10.80,5.72
"Nathan, Joe",SF,7,4.3,0,0,0.0,2.50,10.38,4.15,0.00,0.294,100.0,91.2,0.00,2.32
"Wainwright, Adam",STL,33,198.7,33,18,54.5,2.73,7.29,2.67,1.00,0.332,68.9,90.3,4.62,3.94
"Martinez, Carlos",STL,31,195.3,31,20,64.5,2.49,8.02,3.23,0.69,0.290,77.2,95.6,3.04,3.53
"Leake, Mike",STL,30,176.7,30,16,53.3,4.17,6.37,1.53,1.02,0.329,66.2,90.6,4.69,3.78
"Garcia, Jaime",STL,32,171.7,30,10,33.3,2.63,7.86,2.99,1.36,0.314,70.0,90.5,4.67,4.45
"Wacha, Michael",STL,27,138.0,24,13,54.2,2.53,7.43,2.93,0.98,0.344,66.7,93.2,5.09,3.97
"Oh, Seung Hwan",STL,76,79.7,0,0,0.0,5.72,11.64,2.03,0.56,0.291,82.4,92.8,1.92,2.13
"Bowman, Matt",STL,59,67.7,0,0,0.0,2.60,6.92,2.66,0.53,0.284,70.7,0.0,3.46,3.35
"Siegrist, Kevin",STL,67,61.7,0,0,0.0,2.54,9.63,3.79,1.46,0.229,84.5,93.3,2.77,4.47
"Broxton, Jonathan",STL,66,60.7,0,0,0.0,2.38,8.46,3.56,1.04,0.283,68.1,94.4,4.30,4.05
"Lyons, Tyler",STL,30,48.0,0,0,0.0,3.29,8.63,2.63,1.69,0.225,77.5,90.6,3.38,4.63
"Reyes, Alex",STL,12,46.0,5,3,60.0,2.26,10.17,4.50,0.20,0.292,87.3,96.5,1.57,2.77
"Rosenthal, Trevor",STL,45,40.3,0,0,0.0,1.93,12.50,6.47,0.67,0.438,77.0,97.1,4.46,3.62
"Weaver, Luke",STL,9,36.3,8,3,37.5,3.75,11.15,2.97,1.73,0.404,68.6,91.9,5.70,4.25
"Maness, Seth",STL,29,31.7,0,0,0.0,2.00,4.55,2.27,0.57,0.304,75.0,88.0,3.41,3.79
"Duke, Zach",STL,28,23.3,0,0,0.0,2.00,10.03,5.01,0.00,0.299,83.3,89.7,1.93,2.70
"Kiekhefer, Dean",STL,26,22.0,0,0,0.0,2.00,5.73,2.86,0.82,0.314,62.1,87.4,5.32,4.10
"Socolovich, Miguel",STL,15,18.0,0,0,0.0,3.20,8.00,2.50,1.00,0.079,75.0,90.0,2.00,3.73
"Tuivailala, Sam",STL,12,9.0,0,0,0.0,1.17,7.00,6.00,0.00,0.395,66.7,95.8,6.00,3.71
"Mayers, Mike",STL,4,5.3,1,0,0.0,0.67,3.38,5.06,5.06,0.499,18.8,93.1,27.00,11.51
"Archer, Chris",TB,33,201.3,33,19,57.6,3.48,10.42,3.00,1.34,0.314,72.7,94.3,4.02,3.85
"Odorizzi, Jake",TB,33,187.7,33,17,51.5,3.07,7.96,2.59,1.39,0.280,75.4,91.6,3.69,4.33
"Smyly, Drew",TB,30,175.3,30,13,43.3,3.41,8.57,2.52,1.64,0.302,67.0,90.2,4.88,4.53
"Moore, Matt",TB,21,130.0,21,12,57.1,2.73,7.55,2.77,1.38,0.290,73.1,92.8,4.08,4.48
"Andriese, Matt",TB,29,127.7,19,6,31.6,4.36,7.68,1.76,1.20,0.312,67.6,91.8,4.37,3.83
"Ramirez, Erasmo",TB,64,90.7,1,0,0.0,2.42,6.25,2.58,1.39,0.283,76.5,91.3,3.77,4.71
"Snell, Blake",TB,19,89.0,19,5,26.3,1.92,9.91,5.16,0.51,0.365,78.4,93.5,3.54,3.50
"Colome, Alex",TB,57,56.7,0,0,0.0,4.73,11.28,2.38,0.95,0.294,88.5,94.7,1.91,2.89
"Romero, Enny",TB,52,45.7,0,0,0.0,1.79,9.85,5.52,1.38,0.308,63.5,96.1,5.91,4.90
"Cedeno, Xavier",TB,54,41.3,0,0,0.0,3.31,9.36,2.83,0.44,0.316,68.1,90.5,3.70,2.72
"Garton, Ryan",TB,37,39.3,0,0,0.0,3.00,7.55,2.52,1.14,0.334,72.0,92.5,4.35,4.04
"Farquhar, Danny",TB,35,35.3,0,0,0.0,3.07,11.72,3.82,2.04,0.318,90.0,92.7,3.06,4.86
"Geltz, Steve",TB,27,26.7,0,0,0.0,2.56,7.76,3.04,3.71,0.199,72.7,92.4,5.74,7.88
"Boxberger, Brad",TB,27,24.3,0,0,0.0,1.16,8.14,7.03,1.11,0.300,74.4,92.1,4.81,5.42
"Cobb, Alex",TB,5,22.0,5,2,40.0,2.29,6.55,2.86,2.05,0.370,52.9,90.4,8.59,5.69
"Jepsen, Kevin",TB,25,19.0,0,0,0.0,1.44,6.16,4.26,2.37,0.270,70.8,93.6,5.68,6.72
"Sturdevant, Tyler",TB,16,18.3,0,0,0.0,2.33,6.87,2.95,0.49,0.311,69.6,91.4,3.93,3.40
"Webb, Ryan",TB,18,17.3,0,0,0.0,3.67,5.71,1.56,1.04,0.398,71.4,90.9,5.19,3.97
"Floro, Dylan",TB,12,15.0,0,0,0.0,2.80,8.40,3.00,0.00,0.448,75.0,92.5,4.20,2.37
"Whitley, Chase",TB,5,14.3,1,0,0.0,5.00,9.42,1.88,1.26,0.302,85.7,90.2,2.51,3.57
"Gamboa, Eddie",TB,7,13.3,0,0,0.0,1.38,7.43,5.40,0.68,0.231,93.8,86.6,1.35,4.39
"Marks, Justin",TB,4,9.0,0,0,0.0,0.67,6.00,9.00,1.00,0.236,100.0,89.6,1.00,6.41
"Marinez, Jhan",TB,3,3.7,0,0,0.0,0.00,7.36,0.00,2.45,0.120,100.0,94.7,2.45,5.11
"Hamels, Cole",TEX,32,200.7,32,22,68.8,2.60,8.97,3.45,1.08,0.306,79.0,92.6,3.32,3.95
"Perez, Martin",TEX,33,198.7,33,19,57.6,1.36,4.67,3.44,0.82,0.290,70.0,92.7,4.39,4.53
"Griffin, A.J.",TEX,23,119.0,23,6,26.1,2.33,8.09,3.48,2.12,0.278,70.9,87.7,5.07,5.66
"Holland, Derek",TEX,22,107.3,20,10,50.0,1.91,5.62,2.93,1.26,0.300,67.6,91.7,4.95,4.78
"Darvish, Yu",TEX,17,100.3,17,11,64.7,4.26,11.84,2.78,1.08,0.314,74.0,93.3,3.41,3.08
"Dyson, Sam",TEX,73,70.3,0,0,0.0,2.39,7.04,2.94,0.64,0.288,82.7,95.3,2.43,3.57
"Bush, Matt",TEX,58,61.7,0,0,0.0,4.36,8.90,2.04,0.58,0.262,75.9,0.0,2.48,2.77
"Barnette, Tony",TEX,53,60.3,0,0,0.0,3.06,7.31,2.39,0.60,0.292,84.8,92.2,2.09,3.26
"Diekman, Jake",TEX,66,53.0,0,0,0.0,2.27,10.02,4.42,0.68,0.261,72.4,95.1,3.40,3.48
"Claudio, Alex",TEX,39,51.7,0,0,0.0,3.40,5.92,1.74,0.35,0.322,77.8,85.5,2.79,2.99
"Ramos, Cesar",TEX,16,47.7,4,2,50.0,1.35,5.10,3.78,2.27,0.309,70.6,88.2,6.04,6.64
"Martinez, Nick",TEX,12,38.7,5,0,0.0,0.84,3.72,4.42,1.86,0.285,71.4,91.8,5.59,6.59
"Tolleson, Shawn",TEX,37,36.3,0,0,0.0,2.90,7.18,2.48,1.98,0.380,58.2,93.0,7.68,5.32
"Kela, Keone",TEX,35,34.0,0,0,0.0,2.65,11.91,4.50,1.59,0.321,58.5,95.7,6.09,4.40
"Wilhelmsen, Tom",TEX,21,21.3,0,0,0.0,1.22,4.64,3.80,2.95,0.387,55.0,94.8,10.55,7.74
"Harrell, Lucas",TEX,4,17.7,4,1,25.0,1.15,7.64,6.62,1.53,0.341,74.2,91.5,5.60,5.99
"Leclerc, Jose",TEX,12,15.0,0,0,0.0,1.15,9.00,7.80,0.00,0.287,87.5,94.4,1.80,3.89
"Jeffress, Jeremy",TEX,12,13.3,0,0,0.0,1.00,4.73,4.73,0.00,0.246,76.5,95.1,2.70,3.78
"Jackson, Luke",TEX,8,11.7,0,0,0.0,0.38,2.31,6.17,3.09,0.376,61.5,94.1,10.80,9.27
"Alvarez, Dario",TEX,10,11.7,0,0,0.0,6.50,10.03,1.54,2.31,0.413,56.3,93.1,7.71,4.85
"Gonzalez, Chi Chi",TEX,3,10.3,3,0,0.0,0.78,6.10,7.84,0.87,0.475,69.0,91.5,8.71,5.80
"Scheppers, Tanner",TEX,10,8.7,0,0,0.0,1.67,5.19,3.12,0.00,0.236,55.6,94.9,4.15,3.12
"Faulkner, Andrew",TEX,9,6.7,0,0,0.0,0.25,1.35,5.40,4.05,0.219,77.8,92.3,6.75,10.61
"Roth, Michael",TEX,1,3.7,0,0,0.0,3.00,7.36,2.45,7.36,0.488,62.5,90.1,14.73,13.05
"Mendez, Yohander",TEX,2,3.0,0,0,0.0,0.00,0.00,6.00,0.00,0.371,14.3,91.4,18.00,5.27
"Stroman, Marcus",TOR,32,204.0,32,18,56.3,3.07,7.32,2.38,0.93,0.315,67.8,92.4,4.37,3.73
"Happ, J.A.",TOR,32,195.0,32,21,65.6,2.72,7.52,2.77,1.02,0.274,77.2,91.6,3.18,3.95
"Sanchez, Aaron",TOR,30,192.0,30,23,76.7,2.56,7.55,2.95,0.70,0.277,76.6,94.8,3.00,3.56
"Estrada, Marco",TOR,29,176.0,29,18,62.1,2.54,8.44,3.32,1.18,0.248,74.1,88.1,3.48,4.17
"Dickey, R.A.",TOR,30,169.7,29,13,44.8,2.00,6.68,3.34,1.49,0.286,72.5,82.3,4.46,5.01
"Osuna, Roberto",TOR,72,74.0,0,0,0.0,5.86,9.97,1.70,1.09,0.266,78.3,95.8,2.68,3.15
"Biagini, Joe",TOR,60,67.7,0,0,0.0,3.26,8.25,2.53,0.40,0.339,76.5,0.0,3.06,2.81
"Liriano, Francisco",TOR,10,49.3,8,6,75.0,3.25,9.49,2.92,1.28,0.287,82.4,92.8,2.92,3.94
"Grilli, Jason",TOR,46,42.0,0,0,0.0,3.05,12.43,4.07,1.71,0.249,76.9,92.4,3.64,4.32
"Chavez, Jesse",TOR,39,41.3,0,0,0.0,4.20,9.15,2.18,1.96,0.313,72.7,93.2,4.57,4.75
"Cecil, Brett",TOR,54,36.7,0,0,0.0,5.63,11.05,1.96,1.47,0.361,75.6,92.2,3.93,3.55
"Storen, Drew",TOR,38,33.3,0,0,0.0,3.20,8.64,2.70,1.62,0.374,63.8,91.8,6.21,4.55
"Floyd, Gavin",TOR,28,31.0,0,0,0.0,3.75,8.71,2.32,1.16,0.249,63.0,93.0,4.06,3.74
"Benoit, Joaquin",TOR,25,23.7,0,0,0.0,2.67,9.13,3.42,0.38,0.272,100.0,94.2,0.38,2.90
"Tepera, Ryan",TOR,20,18.3,0,0,0.0,2.25,8.84,3.93,0.49,0.322,79.2,95.2,2.95,3.30
"Schultz, Bo",TOR,16,16.3,0,0,0.0,3.33,5.51,1.65,1.65,0.280,58.8,0.0,5.51,4.93
"Feldman, Scott",TOR,14,15.0,0,0,0.0,2.33,8.40,3.60,1.20,0.426,55.6,90.3,8.40,4.31
"Loup, Aaron",TOR,21,14.3,0,0,0.0,3.75,9.42,2.51,1.26,0.338,64.7,91.1,5.02,3.79
"Barnes, Danny",TOR,12,13.7,0,0,0.0,2.80,9.22,3.29,0.00,0.363,68.4,91.7,3.95,2.29
"Hutchison, Drew",TOR,3,12.7,2,1,50.0,3.00,8.53,2.84,2.84,0.275,76.9,92.0,4.97,6.39
"Girodo, Chad",TOR,14,10.3,0,0,0.0,2.50,4.35,1.74,2.61,0.249,80.0,86.4,4.35,6.61
"Venditte, Pat",TOR,8,8.7,0,0,0.0,1.75,7.27,4.15,1.04,0.364,71.4,84.1,5.19,4.52
"Dermody, Matt",TOR,5,3.0,0,0,0.0,0.00,15.00,0.00,3.00,0.591,40.0,91.0,12.00,4.20
"Scherzer, Max",WAS,34,228.3,34,26,76.5,5.07,11.19,2.21,1.22,0.271,76.8,94.3,2.96,3.24
"Roark, Tanner",WAS,34,210.0,33,22,66.7,2.36,7.37,3.13,0.73,0.271,78.6,92.1,2.83,3.69
"Gonzalez, Gio",WAS,32,177.3,32,16,50.0,2.90,8.68,2.99,0.96,0.327,67.6,90.8,4.57,3.70
"Strasburg, Stephen",WAS,24,147.7,24,15,62.5,4.16,11.15,2.68,0.91,0.308,70.3,94.9,3.60,2.97
"Ross, Joe",WAS,19,105.0,19,9,47.4,3.21,7.97,2.49,0.77,0.328,75.8,92.7,3.43,3.40
"Treinen, Blake",WAS,73,67.0,0,0,0.0,2.03,8.46,4.16,0.67,0.268,84.4,95.4,2.28,3.72
"Petit, Yusmeiro",WAS,36,62.0,1,1,100.0,3.27,7.11,2.18,1.74,0.304,72.9,88.6,4.50,4.89
"Kelley, Shawn",WAS,67,58.0,0,0,0.0,7.27,12.41,1.71,1.40,0.277,81.4,92.4,2.64,3.05
"Rivero, Felipe",WAS,47,49.7,0,0,0.0,3.53,9.60,2.72,0.72,0.309,61.1,95.8,4.53,3.05
"Belisle, Matt",WAS,40,46.0,0,0,0.0,4.57,6.26,1.37,0.39,0.296,85.4,91.0,1.76,2.85
"Lopez, Reynaldo",WAS,11,44.0,6,2,33.3,1.91,8.59,4.50,0.82,0.344,69.2,0.0,4.91,4.02
"Solis, Sammy",WAS,37,41.0,0,0,0.0,2.24,10.32,4.61,0.22,0.304,80.4,93.6,2.41,2.81
"Perez, Oliver",WAS,64,40.0,0,0,0.0,2.30,10.35,4.50,0.90,0.337,66.7,91.7,4.95,3.75
"Cole, A.J.",WAS,8,38.3,8,1,12.5,2.79,9.16,3.29,1.64,0.303,65.9,0.0,5.17,4.67
"Melancon, Mark",WAS,30,29.7,0,0,0.0,9.00,8.19,0.91,0.30,0.261,78.3,91.8,1.82,2.13
"Giolito, Lucas",WAS,6,21.3,4,0,0.0,0.92,4.64,5.06,2.95,0.279,71.0,93.4,6.75,8.18
"Glover, Koda",WAS,19,19.7,0,0,0.0,2.29,7.32,3.20,1.37,0.233,57.9,96.6,5.03,4.66
"Rzepczynski, Marc",WAS,14,11.7,0,0,0.0,1.80,6.94,3.86,0.00,0.251,84.6,91.3,1.54,2.99
"Latos, Mat",WAS,6,9.7,1,0,0.0,2.00,9.31,4.66,0.93,0.367,60.0,90.2,6.52,4.08
"Gott, Trevor",WAS,9,6.0,0,0,0.0,2.00,9.00,4.50,0.00,0.355,88.9,94.3,1.50,2.75
"Burnett, Sean",WAS,10,5.7,0,0,0.0,3.00,4.76,1.59,1.59,0.236,80.0,88.0,3.18,4.98
"Martin, Rafael",WAS,8,3.7,0,0,0.0,5.00,12.27,2.45,0.00,0.000,0.0,87.2,2.45,1.32
"Grace, Matt",WAS,5,3.0,0,0,0.0,0.00,12.00,0.00,0.00,0.183,100.0,89.1,0.00,0.53